0,1,2,3,4,5,6,7,8,9,10,11,12,13,14,15,16,17,18,19,20,21,22,23,24,25,26,27,28,29,30,31,32,33,34,35,36,37,38,39,40,41,42,43,44,45,46,47,48,49
12.42554,0.9525032,4.1141105,86.0,0.5953217,154.0,96.6667,14.221616,10.0,100.0,0.9854019,1.0,0.0119712455,0.00019865925,-0.0002218516,-0.0023515052,68.0,-0.000959967,0.0013701526,-0.011052292,-0.00010137679,14.0,25.452175,12.994872,9.292755,15.743477,25.854143,48.204678,85.96095,23.183102,-0.020209461,37.0,98.6,6.9822893,0.0002643122,0.010490342,-0.023499543,-0.000123377,1.0,50.0,35.0,3.0,10.4,8.1,5.0,10.0,2.0,32.67728,1.5079725,8.132884
13.191781,0.9525032,4.13399,80.85114,0.60810447,147.76918,119.98491,15.573132,9.911902,16.190386,0.9854019,0.9297275,0.011971141,0.00019865925,-0.00022185173,-0.0023412746,66.261665,-0.000959967,0.0013701528,-0.011052292,-0.00010137517,12.550825,25.73847,14.584066,10.414715,21.526812,25.854967,89.83492,88.534225,24.745598,-0.020209474,33.980656,78.16705,7.0735836,0.00026431234,0.010475762,-0.023511037,-0.00012338068,0.6541673,61.84263,24.432148,2.9332266,15.779942,7.344376,5.875521,11.899118,1.7750123,64.44295,2.0778,10.273172
13.924166,1.027942,4.1353073,88.0,0.66308147,154.0,96.6667,15.082609,10.0,100.0,0.9854019,1.0,0.01194556,0.00019865925,-0.00022185236,-0.0023263455,68.0,-0.000959967,0.0013701514,-0.011052292,-0.00010135615,13.0,26.054285,15.926517,11.484987,29.220732,25.855198,155.0,109.0,80.0,-0.020209072,33.643967,74.116394,7.1567307,0.00026431135,0.010441682,-0.023485905,-0.0001233821,0.6541673,61.971684,27.108273,3.0095716,15.850118,7.431476,5.894786,12.110878,1.6262031,84.62109,2.4100063,11.553953
14.225238,1.0267392,4.140086,84.30034,0.72427243,151.2584,116.68424,14.847387,9.911432,20.153473,0.98540187,0.9297897,0.011971216,0.00019865925,-0.00022185224,-0.0023484407,60.54803,-0.000959967,0.0013701501,-0.011052291,-0.00010135615,12.052933,26.110386,16.70268,12.848633,32.779438,25.853973,145.98647,92.1435,31.846931,-0.020208767,33.27599,75.01281,7.364244,0.0002643132,0.0104332995,-0.023490138,-0.00012337705,0.6541673,61.693153,27.511599,3.1289284,15.934268,7.489124,5.9361935,12.111224,1.4555914,113.29137,2.4445622,13.905382
14.0,1.0,3.0,73.0,1.0,146.89069,108.37714,18.906033,10.0,100.0,1.0,1.0,0.0119713005,0.00019865925,-0.00022185227,-0.0023288587,70.365204,-0.000959967,0.00137015,-0.011052292,-0.00010135615,12.0,26.174467,17.514809,15.196064,35.50061,25.854221,100.0,68.0,49.0,-0.020208685,36.2222,97.2,7.42,0.0002643145,0.010416659,-0.023487767,-0.00012338141,0.6541673,62.030403,30.790693,3.085754,15.708179,7.5444374,5.9548225,12.124685,1.162446,137.0,3.7,16.931377
15.000572,1.0888282,4.157506,85.573524,0.9053117,131.68983,113.13288,21.027077,9.911811,25.059328,0.98540187,0.92988837,0.011971318,0.00019865925,-0.0002218505,-0.0023295511,76.02149,-0.000959967,0.0013701497,-0.011052292,-0.00010135615,11.695358,26.461794,17.912535,17.836016,43.297413,25.853746,171.71089,90.21437,41.89246,-0.020208549,33.01194,73.07931,7.4121814,0.00026431415,0.010416589,-0.02346608,-0.0001233579,0.6541673,61.176876,32.44431,3.0047903,15.651517,7.613535,6.0040736,11.98913,0.9628787,146.53613,3.7912073,19.473051
14.737227,1.090127,4.1658187,85.24686,1.0003487,152.61763,120.41399,22.991226,9.911296,26.779123,0.98540187,0.9299081,0.011971312,0.00019865925,-0.00022185135,-0.002351915,79.99548,-0.000959967,0.0013701495,-0.011052294,-0.00010135615,11.827361,26.46368,18.835403,19.933153,46.245937,25.853664,195.14737,87.71181,45.53744,-0.020208977,33.079952,71.59447,7.485757,0.000264315,0.010415203,-0.023475785,-0.0001233579,0.6541673,60.97779,34.89135,3.067695,15.677992,7.5772676,6.0021505,12.170524,0.90842944,149.4122,3.664062,22.067478
14.659535,1.0902761,4.18046,86.74826,1.1242223,151.06738,111.49101,24.926569,9.910641,28.557787,0.98540187,0.9298933,0.011971313,0.00019865925,-0.00022185131,-0.0023233765,76.20745,-0.000959967,0.0013701491,-0.011052296,-0.00010135615,11.990302,26.404879,19.68338,22.634705,52.174465,25.85417,208.33763,86.20281,48.592613,-0.02020828,33.099216,80.39278,7.4798326,0.00026431502,0.01041566,-0.023492904,-0.0001233579,0.6541673,61.098667,39.46349,3.2246704,15.625315,7.524392,6.1107874,12.263362,0.8042724,155.7619,3.7134228,25.849558
14.389764,1.090364,4.1737127,71.0,1.1213706,148.4153,109.79466,25.94705,10.0,95.0,0.98540187,1.0,0.011970921,0.00019865925,-0.00022185133,-0.0023231686,76.70476,-0.000959967,0.0013701491,-0.0110522695,-0.00010135617,12.0,26.340376,19.6269,24.021536,54.256016,25.851494,106.0,69.0,49.0,-0.020208431,32.788147,76.49041,7.4711556,0.00026431502,0.0104173515,-0.023492496,-0.0001233579,0.6541673,60.495632,39.70078,3.1934505,15.440902,7.447885,6.1101804,12.053735,0.81164205,149.61359,3.7949471,26.896738
14.262426,1.0904275,4.173148,85.01374,1.1191636,152.25044,110.5974,26.670359,10.008749,28.561169,0.98540187,0.9300376,0.011970921,0.00019865925,-0.00022185133,-0.002323242,78.91453,-0.000959967,0.0013701491,-0.0110522695,-0.00010135617,11.393021,26.350159,19.605486,25.631607,57.930843,25.851305,204.47441,94.324936,49.70093,-0.020208435,32.70467,76.758286,7.4491167,0.00026431502,0.010417902,-0.023492731,-0.0001233579,0.6541673,60.5238,39.935562,3.1939623,15.424788,7.4021635,6.1120243,12.094909,0.8159425,142.76584,3.8863788,27.754183
14.182208,1.0904833,4.1676607,85.50604,1.1245681,142.01138,105.30056,26.84539,10.008885,28.378368,0.98540187,0.93006253,0.011970922,0.00019865925,-0.00022185133,-0.0023232426,82.82557,-0.000959967,0.0013701491,-0.0110522695,-0.00010135615,11.705429,26.345459,19.539192,26.908792,62.010323,25.850252,202.99046,95.19716,50.583466,-0.020208446,32.89056,75.41443,7.4431925,0.00026431502,0.010420673,-0.023492035,-0.0001233579,0.6541673,60.41651,40.10433,3.1717103,15.350197,7.336879,6.100907,11.795112,0.8132668,144.11789,3.8247805,28.636036
14.157521,1.0905217,4.166432,86.17465,1.1317335,139.79388,104.565704,27.059738,10.009156,29.098478,0.98540187,0.93008167,0.011970922,0.00019865925,-0.00022185133,-0.002323355,80.87367,-0.000959967,0.0013701491,-0.0110522695,-0.00010135615,12.0812435,26.373377,19.431795,28.544966,65.14612,25.850447,206.3424,95.192955,51.863174,-0.02020846,33.02863,74.92536,7.439349,0.00026431502,0.010420514,-0.023492303,-0.0001233579,0.6541673,60.52598,40.755486,3.1426034,15.319324,7.2977753,6.106232,11.770479,0.8119446,141.35477,3.8419063,30.104301
14.022768,1.0905606,4.152698,78.0,1.1298186,151.55896,98.94809,28.356901,10.0,94.0,0.98540187,1.0,0.011970807,0.00019865925,-0.00022185133,-0.0023234454,80.38783,-0.000959967,0.0013701491,-0.0110522695,-0.00010135614,12.0,26.399912,19.408611,29.836773,66.82255,25.848885,129.0,85.0,60.0,-0.020208454,36.5556,97.8,7.4240904,0.000264315,0.010420933,-0.02349249,-0.0001233579,0.6541673,60.2297,40.526417,3.121245,15.328988,7.220777,6.072656,11.619075,0.81360966,133.84169,3.6971314,30.629124
13.922616,1.0905817,4.1525807,87.069176,1.1334738,150.14763,97.62529,29.207117,10.0,30.696163,0.98540187,0.93022376,0.011970806,0.00019865925,-0.00022185133,-0.0023233832,80.81477,-0.000959967,0.001370149,-0.0110522695,-0.00010135614,12.987221,26.344587,19.55323,31.297894,69.78882,25.849741,175.0,94.296425,86.0,-0.020208463,33.09514,72.66285,7.39,0.000264315,0.010420456,-0.023492208,-0.0001233579,0.6541673,60.583794,40.50059,3.110091,15.355693,7.161933,6.061742,11.6344795,0.8105499,130.75955,3.582027,31.304398
13.963422,1.0906106,4.1576896,87.63432,1.136648,158.8276,98.091774,29.595243,10.029144,31.347866,0.98540187,0.9302173,0.011970808,0.00019865925,-0.00022185131,-0.002323644,86.59668,-0.000959967,0.0013701491,-0.0110522695,-0.00010135615,12.76795,26.296204,19.478533,32.055347,70.03213,25.850609,219.80148,92.63016,53.20095,-0.020208448,33.169827,73.158104,7.417304,0.000264315,0.010419842,-0.023492886,-0.0001233579,0.7,60.434803,40.651554,3.112237,15.356204,7.1614738,6.0816555,11.605883,0.812934,130.60753,3.4254303,31.918821
14.085678,1.0906044,4.1596246,88.11482,1.142096,163.89493,98.070724,29.946894,10.032107,31.671293,0.98540187,0.9302162,0.011970807,0.00019865925,-0.00022185133,-0.002323301,86.81773,-0.000959967,0.0013701491,-0.0110522695,-0.00010135615,12.890508,26.349115,19.393661,33.05382,72.592354,25.854017,227.65958,90.687325,54.842125,-0.02020844,33.19212,71.15793,7.4140353,0.000264315,0.010419603,-0.023493279,-0.0001233579,0.6541673,60.44975,41.00724,3.1061535,15.3523035,7.161343,6.065094,11.609549,0.81308234,128.78369,3.3460732,32.94683
13.0,1.0,3.0,79.0,1.0,158.11783,97.76439,29.905289,10.0,95.0,1.0,1.0,0.011970855,0.00019865925,-0.00022185131,-0.0023235672,90.750755,-0.000959967,0.001370149,-0.0110523235,-0.00010135616,10.0,26.445814,20.058245,34.522686,75.67389,25.856478,107.0,70.0,49.0,-0.02020864,37.8333,100.1,7.4107757,0.00026431502,0.0104182055,-0.023494331,-0.0001233579,0.65416765,60.146248,41.540123,3.0094326,15.198515,7.17629,6.0113225,11.563426,0.8023282,128.7784,3.3730805,34.12391
13.583056,1.0728751,4.2353773,98.0,1.134849,157.01062,97.08801,29.867538,18.0,95.0,0.98540187,1.0,0.011970855,0.00019865925,-0.00022185134,-0.002323839,89.18315,-0.000959967,0.001370149,-0.0110523235,-0.00010135616,14.0,26.424809,20.02548,36.0487,79.90437,25.890188,175.0,119.0,80.0,-0.020208642,32.894115,74.812035,7.4078774,0.00026431502,0.010418194,-0.02349427,-0.0001233579,0.65416765,60.238995,42.913876,2.974238,15.151195,7.1757913,5.9958076,11.554619,0.7969402,130.2653,3.4061468,34.844135
13.347261,0.9917221,4.240477,102.0,1.139665,159.32631,96.73235,29.715664,22.0,95.0,0.98540187,1.0,0.011970855,0.00019865925,-0.00022185133,-0.002323767,90.46291,-0.000959967,0.001370149,-0.0110523235,-0.00010135615,13.0,26.462442,20.044819,37.160187,90.448494,25.937439,147.0,100.0,71.0,-0.020208642,32.85935,76.068886,7.405262,0.00026431502,0.010418132,-0.023494953,-0.0001233579,0.6,50.0,35.0,3.0,11.2,8.0,5.0,10.0,2.0,128.61162,3.4145641,35.13332
13.318247,0.9921216,4.241098,93.22993,1.1442077,154.83737,97.23663,29.572695,20.825148,41.55623,0.98540187,0.9279403,0.011970855,0.00019865925,-0.00022185131,-0.0023237667,90.88404,-0.000959967,0.001370149,-0.0110523235,-0.00010135615,13.428362,26.493752,20.100348,38.6313,98.04509,25.981886,235.55022,99.407166,49.3454,-0.020208642,32.907112,74.53645,7.4024563,0.00026431502,0.010418181,-0.023495536,-0.0001233579,0.65416765,60.32248,43.62057,2.9499128,15.0144825,7.174704,5.9744625,11.551514,0.7704848,126.78758,3.3362567,35.824764
13.113855,0.9889809,4.234502,97.0,1.1451068,158.7369,96.80189,30.91768,20.0,92.0,0.98540187,1.0,0.011970852,0.00019865925,-0.00022185133,-0.0023239648,88.36667,-0.000959967,0.001370149,-0.0110523235,-0.00010135613,14.379943,26.5298,20.057592,39.963757,104.19541,26.008785,114.0,77.0,55.0,-0.020208636,32.669567,67.431274,7.3999257,0.00026431502,0.010417802,-0.023495533,-0.0001233579,0.65416765,60.142555,43.91411,2.9511228,15.038846,7.1781063,5.9712563,11.541002,0.7495794,126.80489,3.5609818,35.700603
12.926175,0.96940255,4.235217,88.0,1.1514844,161.84239,97.159065,31.812336,15.0,97.0,0.98540187,1.0,0.011970852,0.00019865925,-0.00022185131,-0.0023238477,88.69718,-0.000959967,0.001370149,-0.0110523235,-0.000101356134,14.167667,26.580175,20.002277,41.418167,115.74114,26.007565,96.0,65.0,47.0,-0.020208627,32.662582,66.325905,7.397532,0.00026431502,0.010417905,-0.023495818,-0.0001233579,0.65416765,60.24666,44.435337,2.9410222,15.061708,7.177625,5.9616275,11.542079,0.73712814,128.05777,3.7084887,35.81297
12.941694,0.9691316,4.240658,91.9348,1.1558926,157.24832,97.55792,32.09659,14.521614,44.00806,0.98540187,0.9279121,0.011970852,0.00019865925,-0.00022185131,-0.0023235336,89.60335,-0.000959967,0.001370149,-0.0110523235,-0.00010135615,14.578189,26.595629,19.974771,42.60678,122.72885,25.974705,197.97604,92.228355,43.383923,-0.02020863,32.726162,69.45504,7.394966,0.00026431502,0.010418174,-0.023495695,-0.0001233579,0.65416765,60.291904,44.881184,2.9298828,15.050711,7.1780434,5.957708,11.541843,0.7346611,127.713615,3.7146766,35.970512
12.970878,0.97044885,4.2425613,91.97749,1.1580881,158.11119,97.13763,32.387592,10.780315,44.55271,0.98540187,0.9279153,0.011970852,0.00019865925,-0.00022185131,-0.0023239448,90.90179,-0.000959967,0.001370149,-0.0110523235,-0.00010135615,14.61517,26.587389,20.005764,44.144512,132.12497,25.944832,198.6692,88.5145,41.984116,-0.020208633,32.79929,67.18917,7.3926206,0.00026431502,0.010418206,-0.023495479,-0.0001233579,0.65416765,60.278286,45.465824,2.909288,15.085961,7.1785884,5.9399786,11.541096,0.72933984,127.266785,3.7310658,35.938187
12.890025,0.97041917,4.2575803,92.0,1.157655,166.7643,104.41003,32.891167,10.0,91.0,0.98540187,1.0,0.011970906,0.00019865925,-0.00022185133,-0.002323972,88.656944,-0.000959967,0.001370149,-0.011052343,-0.00010135618,18.0,26.586538,20.111876,45.391773,137.44148,25.91023,108.0,77.0,59.0,-0.020208461,32.531445,58.122757,7.3903627,0.00026431502,0.010418686,-0.02349504,-0.0001233579,0.65416765,60.08399,45.948196,2.9116905,15.05258,7.181157,5.963429,11.484458,0.72791505,127.695076,3.916539,35.99919
12.857387,0.970003,4.2575417,92.0,1.1585425,166.81047,105.038,33.28077,20.0,91.0,0.98540187,1.0,0.011970906,0.00019865925,-0.00022185133,-0.0023240629,87.36353,-0.000959967,0.001370149,-0.011052343,-0.00010135618,15.791634,26.587543,20.210163,46.781918,145.65575,25.885883,100.0,72.0,57.0,-0.020208457,32.473022,57.155464,7.39,0.00026431502,0.010418715,-0.023495147,-0.0001233579,1.0,60.175865,46.052155,2.9153059,15.076991,7.1816616,5.9686937,11.484566,0.72841555,127.26456,4.9,36.754192
12.893437,0.97015107,4.2623196,84.0,1.1547066,169.61299,104.7978,33.62574,15.0,93.0,0.98540187,1.0,0.011970906,0.00019865925,-0.00022185131,-0.0023243001,87.395905,-0.000959967,0.001370149,-0.011052343,-0.00010135615,17.0,26.57475,20.224756,47.79633,151.63345,25.873669,94.0,67.0,52.0,-0.02020845,32.51259,59.553215,7.385738,0.00026431502,0.010418839,-0.023495022,-0.0001233579,0.7,60.193546,45.3234,2.9246821,15.106109,7.182351,5.9615164,11.504003,0.72652006,127.82223,4.0849395,37.01531
12.990826,0.97014904,4.262523,87.009636,1.1501961,171.77327,105.57442,33.95378,11.742698,47.53658,0.98540187,0.9278181,0.011970906,0.00019865925,-0.00022185131,-0.0023239662,88.07208,-0.000959967,0.001370149,-0.011052343,-0.00010135615,14.528962,26.55928,20.302494,49.108234,157.03136,25.862083,144.90578,91.5518,36.08242,-0.020208465,32.58299,56.743942,7.383418,0.00026431502,0.010418853,-0.023495229,-0.0001233579,0.65416765,60.18277,45.173817,2.929255,15.107844,7.18281,5.9614058,11.510407,0.72428197,128.48932,4.1029778,37.229603
12.912973,0.97013557,4.25418,82.0,1.1513307,162.90448,105.39096,34.28136,10.0,92.0,0.98540187,1.0,0.011970915,0.00019865925,-0.00022185131,-0.0023242873,89.50985,-0.000959967,0.001370149,-0.011052343,-0.00010135615,13.632243,26.536594,20.253046,50.19224,159.0717,25.859797,103.0,71.0,54.0,-0.020208472,32.645786,52.356247,7.3811774,0.000264315,0.010418666,-0.023495547,-0.0001233579,0.65416765,60.249786,44.254906,2.9352856,15.154603,7.1850686,5.9819,11.531019,0.7243395,170.0,5.1,37.593822
12.909738,0.9700761,4.2539268,85.95037,1.1513927,161.06908,105.63458,34.427017,10.888761,50.551113,0.98540187,0.92778826,0.011970915,0.00019865925,-0.00022185133,-0.0023243711,89.30582,-0.000959967,0.001370149,-0.011052343,-0.00010135615,13.737053,26.48564,20.154392,51.42081,164.02817,25.855839,120.1561,85.68045,34.77014,-0.020208476,32.568504,51.77941,7.3788595,0.000264315,0.010418776,-0.023495305,-0.0001233579,0.65416765,60.314934,44.25788,2.9419234,15.154447,7.208771,5.9784265,11.532076,0.7227923,125.64406,4.178501,38.08694
12.849502,0.97002864,4.260302,81.0,1.149721,163.39209,106.93007,34.480427,14.0,94.0,0.98540187,1.0,0.011970915,0.00019865925,-0.00022185133,-0.0023243134,89.844055,-0.000959967,0.001370149,-0.011052343,-0.00010135615,14.0,26.445377,20.054876,52.23766,165.5432,25.853045,87.0,61.0,47.0,-0.020208463,32.496223,54.12305,7.3764086,0.000264315,0.0104190195,-0.023495642,-0.0001233579,0.65416765,60.41494,43.571735,2.929911,15.140794,7.21548,5.974509,11.533379,0.72669095,124.36559,4.1167507,38.45436
12.806309,0.97003126,4.2610173,85.65523,1.1484699,160.5457,106.1459,34.541653,10.428763,94.0,0.98540187,0.92778647,0.011970915,0.00019865925,-0.00022185131,-0.0023243588,89.46572,-0.000959967,0.001370149,-0.011052343,-0.00010135615,13.80673,26.452286,20.08466,53.310715,168.50922,25.84835,98.0,65.0,48.0,-0.020208456,32.51822,52.955166,7.374084,0.000264315,0.010419088,-0.023495909,-0.0001233579,0.65416765,60.375294,43.105053,2.914025,15.136538,7.217434,5.9648232,11.5309925,0.7307112,123.30113,4.1075697,38.78562
12.482909,1.0,3.0,78.0,1.0,168.79904,117.314735,64.2,11.0,96.0,1.0,1.0,0.011970706,0.00019865924,-0.00022185131,-0.0023240559,91.82448,-0.000959967,0.001370149,-0.011052328,-0.00010135608,14.134625,28.770792,22.800127,54.40978,170.48952,25.752747,111.0,72.0,51.0,-0.020208469,37.1667,98.9,7.3750854,0.000264315,0.010416871,-0.023495525,-0.0001233579,0.6541667,59.776993,41.334297,2.8976464,15.864058,7.1637287,5.831036,11.353745,0.71725255,119.277275,3.9636862,38.771442
12.326052,0.9699911,4.4300165,86.35541,1.1085433,171.66545,118.71165,36.04664,10.667562,93.0,0.98540187,0.9210514,0.011970708,0.00019865924,-0.00022185131,-0.0023237988,92.49687,-0.000959967,0.001370149,-0.011052328,-0.00010135609,13.861969,28.774408,22.718578,55.543106,170.7272,25.746992,140.92355,80.72625,30.318085,-0.020208469,33.599575,62.359886,7.3726664,0.000264315,0.010417319,-0.023495905,-0.0001233579,0.6,50.0,35.0,3.0,11.3,8.6,5.0,10.0,2.0,117.017975,3.871861,38.77286
12.2263365,0.9689455,4.4324026,86.31521,1.1023327,166.65416,116.901794,35.757095,10.671422,91.0,0.98540187,0.9210435,0.011970714,0.00019865924,-0.00022185131,-0.0023232694,91.709175,-0.000959967,0.001370149,-0.011052328,-0.00010135615,13.512976,28.812477,22.55116,56.389572,172.31697,25.741846,153.25693,81.07781,30.41826,-0.020208474,33.380566,60.17828,7.370345,0.000264315,0.010418391,-0.023495525,-0.0001233579,0.6541667,59.591377,40.395653,2.9122577,15.842466,7.168744,5.814052,11.308208,0.7150908,114.358406,3.8169441,38.394608
12.233609,0.96935976,4.432318,85.81028,1.0953426,168.37534,117.6115,35.64679,10.659847,53.68669,0.98540187,0.9210519,0.011970707,0.00019865924,-0.00022185131,-0.0023240317,91.72184,-0.000959967,0.001370149,-0.011052328,-0.00010135615,13.224567,28.844007,22.515982,57.500706,170.55798,25.737255,156.96263,80.410355,30.141151,-0.020208454,33.16549,59.76732,7.368036,0.000264315,0.010418648,-0.023495667,-0.0001233579,0.6541667,59.633984,40.17702,2.9152122,15.818916,7.170671,5.800809,11.31146,0.70980227,112.80764,3.7980287,37.23225
12.129187,0.97448397,4.42806,79.0,1.0884868,167.43285,115.980415,64.2,12.0,90.0,0.98540187,1.0,0.011970705,0.00019865924,-0.00022185131,-0.002323572,90.07376,-0.000959967,0.001370149,-0.011052328,-0.00010135615,12.0,28.872507,22.508835,58.61978,169.59456,25.734524,96.0,64.0,47.0,-0.020208446,32.90265,61.296913,7.365659,0.000264315,0.010419097,-0.02349575,-0.0001233579,0.6541667,59.549553,39.4136,2.9171531,15.784078,7.1710644,5.7979665,11.310677,0.69707775,111.16092,3.706314,36.09623
12.102333,0.97244346,4.4285917,83.58003,1.0769954,164.73375,116.94432,37.0232,11.53991,55.392563,0.98540187,0.9210048,0.011970704,0.00019865924,-0.00022185131,-0.0023235842,89.76929,-0.000959967,0.001370149,-0.011052328,-0.00010135615,12.949759,28.92669,22.599638,59.89281,169.24242,25.734823,162.03143,87.601234,31.303944,-0.020208443,33.06307,60.542095,7.3632555,0.000264315,0.010419089,-0.02349543,-0.0001233579,0.6541667,59.805195,39.40275,2.9170275,15.797059,7.1731567,5.778716,11.331598,0.6878364,109.63008,3.6283464,35.95439
12.14834,0.97210455,4.430065,81.51909,1.0670012,170.02736,118.32409,37.35337,14.034582,55.3737,0.98540187,0.92100155,0.011970704,0.00019865924,-0.00022185133,-0.0023241034,89.86739,-0.000959967,0.001370149,-0.011052328,-0.00010135615,12.176498,28.931383,22.606678,60.807064,170.56898,25.738863,166.0577,89.97319,31.243408,-0.02020846,33.05165,57.955257,7.4,0.000264315,0.010419171,-0.023495622,-0.0001233579,0.6541667,59.93304,38.84197,2.9147031,15.805091,7.1721497,5.7704496,11.307706,0.68612945,105.5763,3.6269407,35.383068
12.196553,0.9696932,4.430737,81.0,1.0544033,170.55125,116.60291,64.2,12.0,92.0,0.98540187,1.0,0.011970704,0.00019865924,-0.00022185131,-0.002323441,90.15094,-0.000959967,0.001370149,-0.011052328,-0.00010135615,12.129021,28.916029,22.63351,62.00482,174.8857,25.742117,97.0,64.0,47.0,-0.020208444,33.020897,59.41067,7.3585396,0.000264315,0.010419162,-0.023496049,-0.0001233579,1.0,59.90688,37.892853,2.915263,15.841416,7.1706576,5.7305846,11.298518,0.68174493,100.71999,3.608786,34.10065
12.148337,0.97491944,4.453052,81.93696,1.0538923,168.40321,119.16643,37.778927,11.230146,59.99572,0.98540187,0.92082024,0.011970999,0.00019865924,-0.00022185131,-0.0023235467,85.91292,-0.000959967,0.001370149,-0.011052255,-0.00010135617,10.783298,28.903051,22.819391,62.808304,178.11374,25.7464,166.57182,92.05831,31.783993,-0.020208335,32.98583,60.82842,7.35623,0.000264315,0.010418298,-0.023496328,-0.0001233579,0.6541667,60.0746,36.935345,2.9185848,15.819381,7.1659827,5.7461543,11.301425,0.6844905,98.933105,3.601492,33.951767
12.025549,0.9731097,4.453071,75.0,1.0536274,169.65114,119.67674,64.2,10.0,95.0,0.98540187,1.0,0.011970999,0.00019865924,-0.00022185131,-0.0023236088,85.44672,-0.000959967,0.001370149,-0.011052255,-0.00010135616,10.0,23.0,34.0,63.709896,182.60173,17.0,103.0,66.0,46.0,-0.020208335,32.942074,61.200302,7.3538904,0.000264315,0.010418344,-0.02349652,-0.0001233579,0.6541667,60.06596,36.79134,2.919799,15.858499,7.1645284,5.7488723,11.297668,0.6858202,97.243675,3.5961626,34.435436
11.89857,0.97228193,4.453323,81.91911,1.0546447,166.53522,118.110985,38.05576,10.432863,61.723152,0.98540187,0.92079955,0.011970999,0.00019865924,-0.00022185131,-0.0023236927,84.71357,-0.000959967,0.001370149,-0.011052255,-0.00010135615,11.248591,28.945955,23.28845,64.38193,187.54936,25.750757,159.86394,89.044235,32.28891,-0.020208336,32.985622,58.405827,7.3515606,0.000264315,0.010418413,-0.023496585,-0.0001233579,0.6,60.08986,36.279087,2.9098415,15.88372,7.162458,5.749044,11.354696,0.6877809,95.485016,3.603371,34.326683
11.754217,0.96992445,4.453104,81.66574,1.0546925,166.08174,118.66065,38.13942,10.416717,61.87554,0.98540187,0.92079,0.011971,0.00019865924,-0.00022185133,-0.0023235679,85.93578,-0.000959967,0.001370149,-0.011052255,-0.00010135615,11.795537,28.944777,23.407782,65.25983,191.3706,25.751677,160.50423,86.52891,32.62123,-0.020208344,33.05373,58.367733,7.34702,0.000264315,0.010418456,-0.023496874,-0.0001233579,0.6541667,60.03685,36.208233,2.898229,15.893268,7.1612077,5.7449408,11.358094,0.690222,93.41315,3.5989094,33.92569
11.806675,0.96992624,4.4472933,77.0,1.055584,167.58401,117.08288,64.2,10.0,90.0,0.98540187,1.0,0.011971004,0.00019865924,-0.00022185131,-0.002323684,83.05664,-0.000959967,0.001370149,-0.011052255,-0.00010135615,10.0,22.0,33.0,38.6,101.48,16.0,92.0,60.0,44.0,-0.02020835,33.12691,59.15336,7.3463316,0.000264315,0.01041853,-0.02349664,-0.0001233579,0.6541667,60.11588,35.880478,2.902367,15.945367,7.1577263,5.744429,11.396263,0.69465554,91.96579,3.623981,33.788258
11.746808,0.97054756,4.447256,80.92517,1.0555524,166.19264,116.920616,38.689545,10.370756,64.66354,0.98540187,0.9207199,0.011971004,0.00019865924,-0.00022185131,-0.0023236794,82.28456,-0.000959967,0.001370149,-0.011052255,-0.00010135615,12.157031,28.974281,23.591839,66.826515,198.53975,25.754871,159.55815,91.32486,32.82647,-0.020208351,33.13953,59.607327,7.343841,0.000264315,0.010418534,-0.023497293,-0.0001233579,0.6541667,60.06916,35.7224,2.9126,15.950522,7.1649804,5.7437344,11.39947,0.69758016,91.41121,3.6385925,34.172634
11.792694,0.96997774,4.4497995,81.37385,1.0570647,168.52046,117.98173,38.67955,10.329119,97.0,0.98540187,0.9207269,0.011971004,0.00019865924,-0.00022185131,-0.0023235593,81.18582,-0.000959967,0.001370149,-0.011052255,-0.00010135615,12.0132885,28.966513,23.725363,67.353615,200.41124,25.757725,157.83533,90.712364,32.808136,-0.020208344,33.21286,57.50823,7.3400793,0.000264315,0.010418562,-0.023497103,-0.0001233579,0.6,50.0,35.0,3.0,11.6,8.1,5.0,10.0,2.0,92.84121,3.6559029,34.75822
11.736197,0.9699588,4.450678,81.12308,1.057462,169.45943,117.19866,38.72321,10.308034,65.318954,0.98540187,0.9207273,0.011971004,0.00019865924,-0.00022185131,-0.0023237132,82.16297,-0.000959967,0.001370149,-0.011052254,-0.00010135615,12.173741,28.968262,23.843018,68.05082,204.01463,25.763424,154.94629,88.013504,33.265953,-0.02020835,33.2032,57.931286,7.339489,0.000264315,0.010418559,-0.023497265,-0.0001233579,0.6541667,60.126976,34.05999,2.9086652,15.940684,7.163073,5.7374763,11.398328,0.7004426,95.07824,3.669636,35.423775
11.0,1.0,3.0,76.0,1.0,160.63911,112.25485,64.2,10.0,91.0,1.0,1.0,0.01197107,0.00019865924,-0.00022185133,-0.0023235648,86.168144,-0.000959967,0.001370149,-0.011052262,-0.00010135614,12.0,25.0,36.0,38.6,101.48,19.0,98.0,69.0,52.0,-0.020208634,33.20927,58.762093,7.3371143,0.00026431496,0.010417699,-0.023497747,-0.0001233579,0.6541683,60.279102,34.365692,2.9126933,15.778192,7.1280212,5.79971,11.385572,0.6871626,90.96271,3.4682195,36.253296
11.592608,1.0169702,4.6485014,80.71781,1.0883585,159.8352,111.05556,38.25282,10.015746,70.12851,0.98540187,0.917708,0.01197107,0.00019865924,-0.00022185131,-0.0023234966,85.545296,-0.000959967,0.001370149,-0.011052262,-0.00010135614,10.9678755,29.07994,25.038342,69.90585,210.03976,25.780622,154.35147,85.537994,33.885963,-0.020208633,33.178715,58.75239,7.3345203,0.00026431496,0.010417735,-0.02349744,-0.0001233579,0.6541683,60.24234,34.15806,2.9127154,15.716746,7.1276917,5.8055286,11.382789,0.68369913,87.36389,3.3329015,37.089294
11.531657,1.0333146,4.6515603,80.95329,1.1499972,160.92433,112.13276,38.2133,9.975473,70.01687,0.98540187,0.9177028,0.01197107,0.00019865924,-0.00022185131,-0.0023233998,85.17976,-0.000959967,0.001370149,-0.011052262,-0.00010135615,11.236356,29.146076,25.06057,70.63447,213.2879,25.789782,152.26776,82.131744,34.40226,-0.020208642,33.16358,57.502552,7.3385787,0.00026431496,0.01041783,-0.023497121,-0.0001233579,0.6541683,60.269447,34.40182,2.911868,15.657391,7.127256,5.8041987,11.375882,0.67612934,86.58046,3.258477,37.50015
11.477618,1.1630996,4.655587,80.75183,1.2487342,158.12654,111.920715,38.10334,9.966351,70.15659,0.98540187,0.91770715,0.01197107,0.00019865924,-0.00022185131,-0.0023235513,84.06197,-0.000959967,0.001370149,-0.011052262,-0.00010135615,11.631736,29.165506,25.073544,71.58553,216.34114,25.798319,152.74625,79.30534,34.736988,-0.020208659,33.177273,57.70199,7.3402534,0.000264315,0.010417851,-0.023497641,-0.0001233579,0.6541683,60.19795,34.366318,2.9113455,15.584049,7.126962,5.8077025,11.378713,0.6682995,86.57644,3.259758,38.062325
11.516968,1.2911751,4.6527104,74.0,1.3741677,160.69151,112.94676,64.2,10.0,94.0,0.98540187,1.0,0.011971068,0.00019865924,-0.00022185131,-0.0023234212,87.25402,-0.000959967,0.001370149,-0.011052262,-0.00010135615,13.0,26.0,37.0,38.6,101.48,20.0,93.0,66.0,50.0,-0.02020867,33.013775,56.76422,7.3431435,0.000264315,0.010417899,-0.023496885,-0.0001233579,0.6541683,60.302326,34.73057,2.912048,15.650954,7.1244698,5.8033166,11.380327,0.6546147,85.24372,3.0673945,38.58467
11.500493,1.3997996,4.6602826,80.20023,1.5961752,163.52411,113.27763,39.645954,9.980169,74.16921,0.98540187,0.9176794,0.011971068,0.00019865924,-0.00022185131,-0.002323418,88.77,-0.000959967,0.001370149,-0.011052262,-0.00010135615,12.279209,29.2749,25.180763,73.756584,222.26562,25.802933,140.84033,79.421555,35.62466,-0.020208677,32.975887,56.527557,7.348875,0.000264315,0.010417883,-0.02349661,-0.0001233579,0.6541683,60.25961,34.89963,2.9136863,15.681821,7.124133,5.8040915,11.385857,0.64526796,84.305626,2.913167,39.30586
11.507023,1.5368252,4.668855,80.23589,1.7701615,159.78185,112.54597,39.849174,9.982607,74.92807,0.98540187,0.9176805,0.011971068,0.00019865924,-0.00022185131,-0.0023235534,89.328995,-0.000959967,0.001370149,-0.011052262,-0.00010135615,12.753763,29.277983,25.21491,74.632774,224.31851,25.795908,131.70177,77.70672,35.954742,-0.020208657,33.001328,55.996487,7.353392,0.000264315,0.010417888,-0.023496369,-0.0001233579,0.6541683,60.22955,35.1221,2.908103,15.66494,7.124368,5.802611,11.379079,0.6427232,82.518105,2.9399283,39.884823
11.456282,1.6750709,4.6802015,80.19452,2.0293767,160.39616,113.48572,39.987766,9.991561,75.280914,0.98540187,0.9176839,0.011971068,0.00019865924,-0.00022185131,-0.0023233825,88.187836,-0.000959967,0.001370149,-0.011052262,-0.00010135615,12.645497,29.268393,25.236212,75.76954,227.44868,25.789768,129.52116,77.181366,36.122517,-0.020208675,33.04415,56.529373,7.358189,0.000264315,0.010417886,-0.023495663,-0.0001233579,0.6541683,60.237793,35.38816,2.9018292,15.707687,7.1247115,5.8037205,11.374002,0.6385568,80.0185,2.9260406,40.620747
11.698102,1.8109257,4.7409496,73.0,2.283547,167.10123,110.31596,64.2,10.0,95.0,0.98540187,1.0,0.011970875,0.00019865924,-0.00022185131,-0.0023232817,86.26163,-0.000959967,0.001370149,-0.011052254,-0.00010135615,13.0,27.0,39.0,38.6,101.48,21.0,102.0,70.0,51.0,-0.020208795,33.07444,54.561745,7.3630495,0.000264315,0.010416963,-0.02349547,-0.0001233579,0.6541683,60.223736,34.705997,2.9051821,15.724553,7.122032,5.868248,11.353357,0.64228666,79.36677,2.8737152,41.45575
11.917112,1.9492574,4.7530146,84.80072,2.6217856,167.25008,109.50063,39.786316,9.930449,82.30316,0.98540187,0.91760325,0.011970875,0.00019865924,-0.00022185133,-0.0023232144,87.454865,-0.000959967,0.001370149,-0.011052254,-0.00010135615,13.301861,29.294168,25.239626,77.809746,234.16245,25.777964,116.45873,79.356575,36.95935,-0.020208793,33.046337,55.092487,7.368221,0.000264315,0.010417223,-0.023495164,-0.0001233579,0.6541683,60.162586,34.79911,2.9071867,15.747285,7.122248,5.8679547,11.351642,0.6435278,79.27588,2.8298159,42.521866
12.085514,2.0872083,4.7652316,86.29103,2.8498592,169.31985,110.54289,40.018642,9.945126,84.07821,0.98540187,0.9175966,0.011970875,0.00019865924,-0.00022185131,-0.002323124,87.90256,-0.000959967,0.001370149,-0.011052254,-0.00010135615,12.856452,29.326347,25.252151,78.628395,238.28108,25.775438,108.09835,80.30867,37.42828,-0.020208778,33.053913,55.40277,7.3742414,0.000264315,0.010417847,-0.023495251,-0.0001233579,0.6541683,60.152065,35.098396,2.914951,15.799954,7.1225767,5.866519,11.3613205,0.6457894,78.38525,2.8355446,43.288242
12.086282,2.280792,4.77762,86.83179,3.168367,171.04907,109.72315,40.13564,16.079586,85.532135,0.98540187,0.9175917,0.011970875,0.00019865924,-0.00022185131,-0.0023232612,88.08716,-0.000959967,0.001370149,-0.011052254,-0.00010135615,12.316581,29.338957,25.325827,79.68923,241.19434,25.773167,104.838936,79.22427,38.119873,-0.020208789,33.07457,56.51827,7.3784184,0.000264315,0.010417993,-0.023495022,-0.0001233579,0.6541683,60.182922,35.843567,2.9254224,15.814229,7.122755,5.86693,11.358639,0.64826125,77.39907,2.8304632,44.373768
12.257465,2.392464,4.783895,97.0,3.445232,167.72366,110.756134,64.2,20.0,96.0,0.98540187,1.0,0.011970873,0.00019865924,-0.00022185131,-0.0023231392,86.13466,-0.000959967,0.001370149,-0.011052254,-0.00010135615,12.0,34.0,47.0,38.6,101.48,26.0,129.0,93.0,69.0,-0.02020879,33.0337,56.46672,7.383589,0.000264315,0.010418298,-0.02349456,-0.0001233579,0.6541683,60.13964,36.45594,2.9228618,15.885462,7.121703,5.861543,11.364257,0.6522841,77.27317,2.8472085,45.34926
12.395376,2.5261874,4.796095,81.0,3.7292433,166.10573,110.80432,64.2,10.0,92.0,0.98540187,1.0,0.011970873,0.00019865924,-0.00022185131,-0.0023231464,85.6822,-0.000959967,0.001370149,-0.011052254,-0.00010135615,11.0,27.0,38.0,38.6,101.48,20.0,76.0,55.0,43.0,-0.0202088,33.009254,56.11557,7.389331,0.000264315,0.010418292,-0.023494612,-0.0001233579,0.6541683,60.107693,36.165653,2.9167476,15.876448,7.124469,5.8623204,11.364292,0.6548424,77.14686,2.8598309,46.343845
12.359074,2.6389978,4.811434,86.494644,4.0176883,166.8535,109.596375,40.11979,9.948289,91.11258,0.98540187,0.9175592,0.011970873,0.00019865924,-0.00022185131,-0.0023232982,86.475945,-0.000959967,0.001370149,-0.011052254,-0.00010135615,11.8710165,29.357397,25.417921,82.661896,248.80676,25.764359,89.4872,80.641785,39.74492,-0.020208793,33.00307,57.378403,7.393744,0.000264315,0.01041832,-0.02349419,-0.0001233579,0.6541683,60.08999,36.77144,2.9195716,15.865234,7.1221128,5.8648276,11.363375,0.65572727,77.1108,2.901635,47.296616
12.316153,2.776747,4.8272657,87.02778,4.282573,165.44817,110.60854,40.022907,16.73783,92.16627,0.98540187,0.91755956,0.011970873,0.00019865924,-0.00022185131,-0.0023231045,87.09455,-0.000959967,0.001370149,-0.011052254,-0.00010135615,11.792416,29.357876,25.566198,83.69891,251.79991,25.757078,88.10719,79.93305,39.383762,-0.020208785,33.0223,57.76285,7.39865,0.000264315,0.010418314,-0.02349359,-0.0001233579,0.6541683,60.1141,36.86148,2.9307995,15.858919,7.1215367,5.8681946,11.3648,0.6559321,77.46402,2.9178097,48.679882
13.0,3.0,9.0,101.0,5.0,189.44504,94.528114,64.2,20.0,97.0,1.0,1.0,0.01197107,0.00019865924,-0.00022185131,-0.0023231276,84.85118,-0.000959967,0.001370149,-0.011052256,-0.0001013561,17.0,41.0,54.0,38.3,100.94,30.0,118.0,89.0,66.0,-0.020208457,32.933594,62.31457,7.405857,0.000264315,0.010415804,-0.023493001,-0.00012335788,0.6541668,60.560295,36.629536,2.941875,17.06503,6.9847717,6.232498,11.20285,0.6084158,74.6235,2.8931177,53.24044
12.617863,2.8900297,5.4862766,75.5,5.0745854,191.68121,93.011894,64.2,10.0,95.0,0.98540187,1.0,0.01197107,0.00019865924,-0.00022185131,-0.0023231518,84.53725,-0.000959967,0.001370149,-0.011052256,-0.000101356105,11.5,26.5,38.0,38.3,100.94,18.5,81.0,57.0,42.5,-0.020208457,32.907173,61.176723,7.41,0.000264315,0.010416227,-0.0234931,-0.00012335788,0.6,50.0,35.0,3.0,11.1,8.15,5.0,10.0,2.0,72.8858,2.8743382,56.35408
12.349769,2.7501698,5.4935412,72.0,5.1170716,187.00613,93.5985,64.2,10.0,95.0,0.98540187,1.0,0.01197131,0.00019865924,-0.00022185131,-0.0023231814,84.05548,-0.000959967,0.001370149,-0.011052256,-0.00010135615,12.0,27.0,40.0,38.4,101.12,20.0,101.0,69.0,51.0,-0.020208465,32.833935,61.91773,7.406996,0.000264315,0.010417222,-0.023492588,-0.00012335788,0.6541668,60.497433,36.00588,2.9382246,17.038292,6.984394,6.2301154,11.128771,0.5991173,72.28893,2.8696089,58.387417
12.339496,2.5850503,5.4987965,77.581406,5.025264,190.60387,92.61796,40.291965,9.948538,99.04496,0.98540187,0.89604414,0.01197107,0.00019865924,-0.00022185131,-0.0023231388,85.87319,-0.000959967,0.001370149,-0.011052256,-0.00010135615,12.900884,31.74089,24.470285,85.43688,263.7468,25.633675,82.0936,71.82941,35.888885,-0.020208452,32.771065,60.77322,7.4061165,0.000264315,0.01041747,-0.023492903,-0.00012335788,0.6541668,60.573193,35.87054,2.9329581,17.03708,6.9842453,6.2339883,11.132513,0.5889718,71.89303,2.8849587,62.16514
12.445051,2.4203985,5.4908376,70.0,4.8567576,189.08356,94.23233,64.2,10.0,95.0,0.98540187,1.0,0.011971073,0.00019865924,-0.00022185131,-0.002323184,82.245445,-0.000959967,0.001370149,-0.011052256,-0.00010135615,11.0,26.0,39.0,38.2,100.76,19.0,100.0,69.0,51.0,-0.02020844,32.72018,58.88486,7.4025145,0.000264315,0.010417962,-0.023493161,-0.00012335788,0.6541668,60.490562,35.260517,2.9324615,17.269642,6.981618,6.2335043,11.125494,0.57705784,70.490135,2.8212945,66.33911
12.516434,2.2425873,5.490441,75.19977,4.453847,184.40498,93.82318,39.774216,9.880591,103.13864,0.98540187,0.8960335,0.011971074,0.00019865924,-0.00022185131,-0.0023231795,81.18811,-0.000959967,0.001370149,-0.011052256,-0.00010135615,12.99727,31.632843,23.805204,85.53208,268.15433,25.62887,83.29875,72.515945,36.235744,-0.020208437,32.82898,58.26644,7.3983016,0.000264315,0.010417953,-0.023493212,-0.00012335788,0.6541668,60.670273,34.79357,2.9355085,17.277832,6.9814644,6.236159,11.165263,0.56891847,69.606316,2.7780542,69.64572
12.471752,2.0584676,5.486261,73.49134,4.04931,191.58244,92.767456,39.54273,9.872223,104.076584,0.98540187,0.8960375,0.011971073,0.00019865924,-0.00022185131,-0.0023231267,79.72056,-0.000959967,0.001370149,-0.011052256,-0.00010135615,12.7144985,31.630495,23.214977,85.48559,269.442,25.637835,85.53673,72.30946,35.2916,-0.020208446,32.84105,59.804836,7.3942957,0.000264315,0.0104180295,-0.023493893,-0.00012335788,0.6541668,60.702316,34.486633,2.9423513,17.291561,6.98158,6.2394557,11.112522,0.5665134,68.107506,2.7828386,73.05757
12.424653,1.8735658,5.481727,72.03476,3.4578116,191.86746,94.43503,39.266865,9.899546,104.835236,0.98540187,0.89603764,0.011971074,0.00019865924,-0.00022185131,-0.0023231944,80.9294,-0.000959967,0.001370149,-0.011052256,-0.00010135615,12.989834,31.65705,22.75102,85.43406,271.7632,25.646265,85.143265,76.0048,34.830986,-0.020208446,32.827976,59.554306,7.3885884,0.000264315,0.010418019,-0.02349453,-0.00012335788,0.6541668,60.679115,33.193466,2.9456367,17.34258,6.981767,6.244661,11.115414,0.56412977,66.54926,2.779832,78.30188
12.4043665,1.6159564,5.481323,67.0,2.89567,188.67534,95.313644,64.2,10.0,95.0,0.98540187,1.0,0.011971053,0.00019865924,-0.00022185131,-0.0023231963,78.57487,-0.000959967,0.001370149,-0.0110522555,-0.00010135615,11.0,26.0,38.0,38.1,100.58,19.0,98.0,68.0,51.0,-0.020208452,32.794353,58.981064,7.3830166,0.000264315,0.01041802,-0.02349477,-0.00012335788,0.6541668,60.82788,33.502956,2.9429927,17.508839,6.9801345,6.2680945,11.149408,0.5643992,65.77308,2.7404642,80.13615
12.391659,1.4660704,5.4658456,76.10814,2.2231493,189.72357,95.24378,38.995083,10.017439,110.772644,0.98540187,0.89614695,0.011971053,0.00019865924,-0.00022185131,-0.0023231986,77.7856,-0.000959967,0.001370149,-0.0110522555,-0.00010135615,13.164352,31.706577,22.573141,85.900536,275.05103,25.660585,82.29773,72.476944,34.310627,-0.020208452,32.77868,58.536606,7.3777046,0.000264315,0.010417999,-0.023495035,-0.00012335788,0.6541668,60.83913,33.52735,2.940462,17.583231,6.9801955,6.2684855,11.136106,0.5644251,65.34046,2.711022,81.75582
12.374918,1.2864264,5.4536805,75.76839,1.6294687,186.5914,96.301704,39.064926,10.030133,111.63899,0.98540187,0.8961598,0.011971053,0.00019865924,-0.00022185131,-0.002323201,76.49913,-0.000959967,0.001370149,-0.0110522555,-0.00010135615,14.026221,31.710274,22.561466,86.023834,277.16702,25.6613,84.09436,72.601036,33.5514,-0.020208452,32.802956,59.126247,7.3724656,0.000264315,0.010417903,-0.023495281,-0.00012335788,0.6541668,60.851112,33.456093,2.9385602,17.63896,6.9803023,6.2666106,11.26989,0.564223,64.55425,2.70699,83.20657
12.369246,1.2187996,5.441004,74.98544,1.0093659,184.92769,96.46121,39.041954,10.04146,112.32741,0.98540187,0.8961602,0.011971053,0.00019865924,-0.00022185133,-0.002323197,77.2268,-0.000959967,0.001370149,-0.0110522555,-0.00010135615,14.811234,31.701529,22.701475,86.21119,278.91718,25.663889,84.8294,72.598755,33.46595,-0.020208452,32.82446,58.44712,7.3673873,0.000264315,0.010417902,-0.02349556,-0.00012335788,0.6541668,60.841877,33.541298,2.9375043,17.66946,6.980339,6.267357,11.281365,0.56492525,63.732468,2.70416,85.488914
12.323458,0.994503,5.4167457,66.0,1.0081035,189.23917,97.06921,64.2,10.0,95.0,0.98540187,1.0,0.01197105,0.00019865924,-0.00022185131,-0.0023232005,77.87791,-0.000959967,0.001370149,-0.0110522555,-0.00010135615,20.0,28.0,40.0,38.1,100.58,22.0,102.0,71.0,53.0,-0.020208452,32.81286,57.674294,7.3623786,0.000264315,0.010417891,-0.023495834,-0.00012335788,0.6541668,60.925323,33.594055,2.9369643,17.608772,6.979295,6.2669096,11.366761,0.56624055,65.856186,2.7001758,86.54765
12.304401,0.95251,5.4048185,74.10259,1.0124924,189.60759,97.12308,38.86849,10.075075,116.47648,0.98540187,0.8961536,0.01197105,0.00019865924,-0.00022185131,-0.0023232005,77.42836,-0.000959967,0.001370149,-0.0110522555,-0.00010135615,15.161386,31.712967,22.776402,86.5449,282.47906,25.667938,86.26368,72.85265,33.194763,-0.020208452,32.810867,57.19686,7.35769,0.000264315,0.010417899,-0.02349612,-0.00012335788,0.6541668,60.827526,33.508198,2.935767,17.615269,6.9953537,6.267064,11.355441,0.5664858,67.15219,2.6975327,87.72867
12.301079,0.95251,5.3976245,72.23117,1.0433474,191.52551,97.14484,38.72974,10.139375,117.33919,0.98540187,0.8961586,0.01197105,0.00019865924,-0.00022185131,-0.0023231972,76.05091,-0.000959967,0.001370149,-0.0110522555,-0.00010135615,14.758287,31.718418,22.800549,86.74558,283.4821,25.670155,91.533745,75.91429,32.75639,-0.020208452,32.842556,57.719475,7.352855,0.000264315,0.010417914,-0.023496408,-0.00012335788,0.6541668,60.82958,33.451694,2.9352314,17.622736,6.9944053,6.266991,11.370601,0.56717694,67.10671,2.7138116,88.8524
12.335699,0.95251,5.3900275,72.4717,1.0711538,193.21437,96.993965,38.704033,10.137262,118.03053,0.98540187,0.8961592,0.01197105,0.00019865924,-0.00022185131,-0.0023232014,75.82678,-0.000959967,0.001370149,-0.0110522555,-0.00010135615,14.923037,31.704903,22.919756,87.01319,285.05252,25.672756,92.82101,77.1002,33.34194,-0.020208452,32.862267,57.582336,7.348034,0.000264315,0.01041792,-0.023496684,-0.00012335788,0.6541668,60.832912,33.352898,2.9345057,17.606037,6.994379,6.2682295,11.369778,0.5674168,67.63861,2.7177787,90.63792
11.0,1.0,3.0,66.0,1.0,198.01411,93.45889,64.2,10.0,94.0,1.0,1.0,0.011970996,0.00019865924,-0.00022185133,-0.0023229548,70.201836,-0.000959967,0.001370149,-0.011052265,-0.00010135619,21.0,28.0,39.0,38.2,100.76,22.0,95.0,69.0,53.0,-0.020208212,32.745308,56.914738,7.3433943,0.000264315,0.010418826,-0.023496652,-0.00012335788,0.65416515,60.8732,33.284016,2.9287255,18.088999,6.964849,6.4622717,11.388088,0.5666646,65.35052,2.756939,121.0
12.356784,0.95250905,5.437331,71.219246,1.1258676,198.28566,92.48188,38.51397,9.815376,94.0,0.98540187,0.89370453,0.011970996,0.00019865924,-0.00022185133,-0.0023228154,71.11497,-0.000959967,0.001370149,-0.011052265,-0.00010135619,17.890497,31.76904,23.229301,86.939186,288.13312,25.68186,87.75965,72.27228,34.095104,-0.020208212,32.683437,56.97793,7.3407383,0.000264315,0.010418576,-0.023496728,-0.00012335788,0.6,50.0,35.0,3.0,13.6,8.0,5.0,10.0,2.0,65.424324,2.783002,95.07063
12.367203,0.9525051,5.4332523,70.64221,1.1415586,198.85184,92.79107,38.481243,10.058921,125.663124,0.98540187,0.8937096,0.011970996,0.00019865924,-0.00022185131,-0.0023226142,70.17091,-0.000959967,0.001370149,-0.011052265,-0.00010135615,17.523426,31.696188,23.062227,86.92687,291.57788,25.689495,85.4336,72.75015,34.396805,-0.020208219,32.64888,57.18441,7.3385916,0.000264315,0.010417991,-0.023497012,-0.00012335788,0.65416515,60.85712,33.306225,2.9294598,18.016724,6.9642987,6.462086,11.383694,0.5684343,66.01034,2.7976592,95.96985
12.374705,0.9525051,5.4224415,70.66829,1.1480083,199.04192,93.00436,38.42576,9.998803,126.368805,0.98540187,0.89371014,0.011970996,0.00019865924,-0.00022185131,-0.0023229136,71.09416,-0.000959967,0.001370149,-0.011052265,-0.00010135615,16.775911,31.675453,23.100182,86.91087,294.48752,25.696955,87.01506,72.221954,35.091534,-0.020208212,32.64397,57.0358,7.337028,0.000264315,0.010417845,-0.02349698,-0.00012335788,0.65416515,60.851555,33.21238,2.92617,17.987194,6.964077,6.4676647,11.383612,0.56987584,67.02184,2.8030193,97.75478
12.375905,0.952505,5.4077325,70.0,1.1513047,198.06538,94.206535,64.2,10.0,95.0,0.98540187,1.0,0.011970995,0.00019865924,-0.00022185133,-0.0023226494,69.18232,-0.000959967,0.001370149,-0.011052265,-0.00010135615,20.0,30.0,42.0,38.1,100.58,23.0,97.0,69.0,53.0,-0.020208202,32.61188,55.852066,7.337403,0.000264315,0.010417571,-0.023496943,-0.00012335788,0.65416515,60.866947,33.0348,2.9275584,17.928492,6.9625125,6.477025,11.381954,0.5721244,67.44717,3.9,98.74692
12.362946,0.95250404,5.4027853,70.85271,1.1428639,196.89809,93.818405,39.167843,9.718463,130.90129,0.98540187,0.89371103,0.011970995,0.00019865924,-0.00022185135,-0.0023226591,68.35651,-0.000959967,0.001370149,-0.011052265,-0.00010135615,16.148994,31.578642,23.152496,86.6799,300.11627,25.700544,83.79122,72.39304,35.891552,-0.0202082,32.627598,55.86041,7.337537,0.000264315,0.0104175685,-0.023496855,-0.00012335788,0.65416515,60.88004,32.952377,2.9282322,17.93013,6.9622126,6.4856725,11.383378,0.5737295,67.11243,2.8445287,99.936646
12.344969,0.95250404,5.4039397,69.66574,1.1267704,197.96344,93.00117,39.185825,9.709664,132.0901,0.98540187,0.8937117,0.011970995,0.00019865924,-0.00022185137,-0.0023229625,67.44007,-0.000959967,0.0013701491,-0.011052265,-0.00010135615,16.730146,31.570301,23.16739,86.53078,302.17978,25.692934,80.942474,73.79515,36.65014,-0.020208206,32.65061,56.472992,7.337763,0.000264315,0.0104175275,-0.023496522,-0.00012335788,0.65416515,60.87291,32.96049,2.9127047,17.93157,6.962219,6.4890976,11.38072,0.574047,66.926186,2.8437722,101.09938
12.344005,0.95250404,5.4031057,69.704704,1.1050594,197.57167,93.50816,39.25346,10.150778,132.9069,0.98540187,0.8937115,0.011970995,0.00019865924,-0.00022185133,-0.0023225758,67.8506,-0.000959967,0.001370149,-0.011052265,-0.00010135615,16.688398,31.57792,23.23018,86.34941,305.52432,25.68609,81.79364,76.399895,37.031567,-0.02020821,32.670937,56.219696,7.3395853,0.000264315,0.010417536,-0.023496319,-0.00012335788,0.65416515,60.867504,32.874874,2.895665,17.948563,6.962314,6.506146,11.379307,0.574936,66.68853,2.8480268,102.431725
12.259129,0.95250404,5.4351935,67.0,1.0800991,199.25368,91.80389,64.2,10.0,95.0,0.98540187,1.0,0.011971004,0.00019865924,-0.00022185128,-0.002322573,66.41465,-0.000959967,0.001370149,-0.011052265,-0.00010135615,19.0,29.0,40.0,38.3,100.94,22.0,95.0,68.0,52.0,-0.020208212,32.72313,55.722473,7.3401446,0.000264315,0.010417563,-0.023496296,-0.00012335788,0.65416515,60.951046,32.711124,2.894699,18.05675,6.9622316,6.5348535,11.389448,0.5747747,66.22598,2.8453627,102.86383
12.210973,0.95250404,5.433684,77.25892,1.0553595,199.88953,91.82837,38.90623,9.8537035,138.74193,0.98540187,0.8938188,0.011971004,0.00019865924,-0.00022185127,-0.0023225732,66.19962,-0.000959967,0.001370149,-0.011052265,-0.00010135615,15.559285,31.594822,23.236643,86.04017,310.52286,25.677355,73.82609,71.34875,38.043858,-0.020208212,32.719425,55.671066,7.3408575,0.000264315,0.010417563,-0.023496255,-0.00012335788,0.65416515,60.943348,32.644756,2.8940387,18.093636,6.9623294,6.5464196,11.38852,0.57473874,65.90901,2.8448536,104.05591
12.185509,0.95250404,5.436484,77.54794,1.0085926,199.07193,92.31815,38.962025,9.6453905,139.80739,0.98540187,0.8938277,0.011971004,0.00019865924,-0.00022185124,-0.002322571,65.50872,-0.000959967,0.001370149,-0.011052265,-0.00010135615,15.106263,31.60818,23.19827,85.907425,312.17047,25.678633,69.80065,71.47284,38.289093,-0.020208212,32.687798,55.949112,7.3418245,0.000264315,0.010417601,-0.023496225,-0.00012335788,0.65416515,60.934456,32.85478,2.8961833,18.116503,6.962479,6.553878,11.384957,0.57467,65.56659,2.842966,104.59551
12.2392235,0.95250404,5.435061,77.61506,0.9953059,199.40604,92.10837,39.01038,9.736464,140.50255,0.98540187,0.8938279,0.011971004,0.00019865924,-0.00022185122,-0.0023225755,66.11855,-0.000959967,0.001370149,-0.011052265,-0.00010135615,14.99196,31.609486,23.189234,85.7472,313.97354,25.67785,74.263084,71.9613,38.234955,-0.020208212,32.660503,55.57626,7.3421817,0.000264315,0.01041759,-0.023496188,-0.00012335788,0.65416515,60.920673,32.86435,2.898832,18.129152,6.962545,6.5652614,11.382614,0.5746108,65.1259,2.8443806,105.177055
12.157117,0.95250404,5.426338,66.5,0.9955118,197.9279,92.44656,64.2,10.0,94.0,0.98540187,1.0,0.011971005,0.00019865924,-0.00022185121,-0.0023225755,64.87812,-0.000959967,0.001370149,-0.011052265,-0.00010135615,21.0,27.5,39.0,38.4,101.12,21.5,92.0,65.0,50.0,-0.020208212,32.631824,55.527527,7.342755,0.000264315,0.010417608,-0.023496134,-0.00012335788,0.65416515,60.91765,33.09242,2.8999233,18.06601,6.9624066,6.572903,11.373574,0.5746701,66.7838,2.8371644,105.52744
12.125604,0.95250404,5.425151,77.73189,0.99570835,197.10835,92.60472,39.11735,9.964804,144.02818,0.98540187,0.89382976,0.011971005,0.00019865924,-0.0002218512,-0.0023225746,64.611534,-0.000959967,0.001370149,-0.011052265,-0.00010135615,15.682425,31.659779,23.126093,85.428055,315.4308,25.67761,83.95318,77.136665,39.07389,-0.020208212,32.601994,55.427612,7.343356,0.000264315,0.010417599,-0.023496095,-0.00012335788,0.65416515,60.904377,33.465843,2.9016354,18.063103,6.9594655,6.581795,11.372843,0.5739193,67.81907,2.832848,106.28518
12.12716,0.95250404,5.429497,75.039986,0.9959138,198.74837,92.35558,39.031307,9.5449295,144.88092,0.98540187,0.8938293,0.011971005,0.00019865924,-0.00022185117,-0.0023225793,63.284668,-0.000959967,0.001370149,-0.011052265,-0.00010135615,15.406163,31.685787,23.082516,85.324844,315.56998,25.67573,82.001,79.4003,38.90071,-0.020208212,32.59656,55.557785,7.343949,0.000264315,0.010417577,-0.023496047,-0.00012335788,0.65416515,60.885822,33.551464,2.901958,18.055336,6.9560413,6.5932407,11.372859,0.5745357,67.93081,2.8315554,106.829636
12.158389,0.95250404,5.4298134,75.78436,1.0137643,198.6434,92.7758,39.030968,9.990374,145.52217,0.98540187,0.8938294,0.011971005,0.00019865924,-0.00022185115,-0.0023225732,63.567417,-0.000959967,0.001370149,-0.011052265,-0.00010135615,15.275531,31.675846,23.065891,85.1943,315.94363,25.667883,84.127304,78.09223,38.79778,-0.020208212,32.622738,55.692738,7.344544,0.000264315,0.010417576,-0.023495996,-0.00012335788,0.65416515,60.891037,34.02808,2.9026723,18.03049,6.9559793,6.6002254,11.373817,0.5743391,68.23019,2.8305297,107.32803
11.617083,1.0,3.0,70.0,1.0,204.7031,94.56305,64.2,10.0,95.0,1.0,1.0,0.011971337,0.00019865924,-0.00022185114,-0.0023226421,61.585194,-0.000959967,0.001370149,-0.011052242,-0.000101356156,16.0,27.0,39.0,38.6,101.48,20.0,102.0,70.0,53.0,-0.020208435,33.064144,56.483784,7.3460965,0.000264315,0.010414856,-0.023495337,-0.0001233579,0.6541637,60.720818,34.49352,2.9119062,18.077623,6.914189,7.336187,11.270431,0.55412835,69.861465,2.7867754,107.175514
11.539593,0.95250404,5.7319345,79.48192,1.0427347,206.16978,94.74785,40.028767,10.081866,95.0,0.98540187,0.89411,0.011971337,0.00019865924,-0.00022185112,-0.0023226775,61.17231,-0.000959967,0.0013701488,-0.011052242,-0.000101356156,14.632169,31.498077,24.713884,84.91278,316.58072,25.526209,69.964,67.4596,36.757195,-0.020208433,33.11588,56.142624,7.3466864,0.000264315,0.010415061,-0.023495508,-0.0001233579,0.6,50.0,35.0,3.0,11.3,7.9,7.5,10.0,2.0,71.38157,2.7608485,107.23253
11.479809,0.95250404,5.7343707,78.78426,1.0993556,204.58202,94.12991,39.59932,10.094585,153.57889,0.98540187,0.8941122,0.011971335,0.00019865924,-0.0002218511,-0.0023227227,60.579105,-0.000959967,0.0013701488,-0.011052242,-0.00010135615,15.350579,31.326271,24.911285,84.77774,317.9266,25.508938,67.79278,68.20819,36.687958,-0.020208443,33.097485,55.45517,7.3472776,0.000264315,0.0104155475,-0.0234948,-0.0001233579,0.6541637,60.721508,34.89476,2.9120789,17.945974,6.918461,7.349018,11.207606,0.5521766,72.81981,2.745194,106.84012
11.543933,0.95250404,5.736318,78.76925,1.1448412,205.53601,95.665085,39.536404,10.105066,154.49551,0.98540187,0.89411193,0.011971337,0.00019865924,-0.00022185109,-0.0023226545,59.724033,-0.000959967,0.0013701488,-0.011052242,-0.00010135615,16.009272,31.280804,24.922075,84.59012,317.76147,25.492191,66.67253,67.82767,36.74037,-0.020208424,33.054092,55.480892,7.347859,0.000264315,0.01041568,-0.02349489,-0.0001233579,0.6541637,60.745594,35.09819,2.9128728,17.879374,6.920088,7.365646,11.207858,0.5508382,75.40721,2.7503567,105.66626
11.391519,0.9525043,5.730967,68.0,1.1928431,204.80748,94.76295,64.2,10.0,94.0,0.98540187,1.0,0.01197134,0.00019865924,-0.00022185105,-0.002322717,61.3282,-0.000959967,0.0013701488,-0.011052242,-0.00010135615,20.0,28.0,40.0,38.6,101.48,23.0,98.0,70.0,54.0,-0.02020841,33.01826,56.579536,7.348455,0.000264315,0.010415935,-0.023494855,-0.0001233579,0.6541637,60.71578,35.46857,2.913625,17.996675,6.9213347,7.3761015,11.205635,0.54781246,79.13473,2.717846,104.314705
11.359222,0.95250416,5.7350435,78.28998,1.2637762,202.83871,94.00891,41.38593,9.901327,158.78804,0.98540187,0.8941167,0.0119713405,0.00019865924,-0.00022185102,-0.0023227136,61.644012,-0.000959967,0.0013701488,-0.011052242,-0.00010135615,15.815662,31.068123,24.946222,84.14379,318.4063,25.482695,65.998024,68.75721,37.16844,-0.020208409,33.059048,56.712143,7.3490505,0.000264315,0.010415913,-0.023494188,-0.0001233579,0.6541637,60.796177,35.716476,2.917184,18.023514,6.923399,7.387079,11.233239,0.5461921,80.59253,2.6894393,104.044106
11.402156,0.95250416,5.738979,75.596664,1.3477314,205.73785,94.99461,41.802788,9.50262,159.66064,0.98540187,0.8941123,0.01197134,0.00019865924,-0.00022185099,-0.002322641,61.42931,-0.000959967,0.0013701488,-0.011052242,-0.00010135615,15.354765,31.062902,24.954927,83.97566,319.04877,25.496956,69.327225,69.83531,37.268364,-0.020208422,33.044487,56.229286,7.3496437,0.000264315,0.010415959,-0.023494327,-0.0001233579,0.6541637,60.79632,35.727806,2.9293456,18.024775,6.922364,7.3829637,11.199737,0.5457766,83.51323,2.6940892,103.37916
11.477079,0.95250404,5.745841,75.6169,1.5308936,205.66344,94.03301,42.177402,9.830081,160.269,0.98540187,0.89411217,0.01197134,0.00019865924,-0.00022185102,-0.002322734,60.92736,-0.000959967,0.0013701488,-0.011052242,-0.00010135615,15.5761385,31.09555,24.973053,83.74463,320.9104,25.510431,69.5954,69.4724,37.33408,-0.020208415,32.9976,55.67672,7.35024,0.000264315,0.010415929,-0.023494711,-0.0001233579,0.6541637,60.784588,36.23647,2.9397972,18.085127,6.920855,7.403124,11.187428,0.54492825,87.18558,2.6996193,101.82602
11.500766,0.9525043,5.7878265,68.0,1.8099828,205.31111,93.1437,64.2,10.0,95.0,0.98540187,1.0,0.01197133,0.00019865924,-0.00022185103,-0.0023227348,62.102066,-0.000959967,0.0013701488,-0.011052242,-0.00010135615,19.0,27.0,39.0,38.6,101.48,21.0,106.0,73.0,54.0,-0.020208403,32.98776,56.455837,7.3508377,0.000264315,0.010416043,-0.023494672,-0.0001233579,0.6541637,60.8457,36.683823,2.9406428,18.305672,6.919152,7.4395037,11.213162,0.54652774,88.16783,2.7019718,101.69854
11.483848,0.95250416,5.7929544,79.91746,2.1309755,205.95815,92.96045,42.4735,10.074881,166.89508,0.98540187,0.8942118,0.01197133,0.00019865924,-0.00022185103,-0.0023227357,62.636154,-0.000959967,0.0013701488,-0.011052242,-0.00010135615,17.007519,31.144917,24.99796,83.44235,323.48682,25.532766,70.02224,67.324524,37.557644,-0.020208405,32.963696,56.39641,7.3514323,0.000264315,0.010416035,-0.023494653,-0.0001233579,0.6541637,60.836937,37.030552,2.9404807,18.380732,6.9178486,7.4381294,11.207736,0.54575187,88.589615,2.6951513,102.535515
11.492987,0.9525081,5.797847,79.76971,2.4472153,204.3334,92.8979,42.568935,10.049297,167.6256,0.98540187,0.8942162,0.01197133,0.00019865924,-0.00022185103,-0.0023227388,62.746502,-0.000959967,0.0013701488,-0.011052242,-0.00010135615,16.579765,31.15006,24.981867,83.31544,324.95102,25.53441,72.02533,67.82946,37.502705,-0.020208407,32.96373,55.681515,7.352073,0.000264315,0.010415988,-0.023494612,-0.0001233579,0.6541637,60.849415,37.062267,2.9390972,18.448326,6.9159894,7.426381,11.271494,0.5464041,89.94975,2.701586,102.50403
11.482298,0.9525088,5.8030133,79.79362,2.789024,204.01802,92.73901,42.62856,10.072467,167.989,0.98540187,0.894216,0.01197133,0.00019865924,-0.00022185103,-0.0023227343,62.36321,-0.000959967,0.0013701488,-0.011052242,-0.00010135615,16.130898,31.141891,24.947771,83.16129,326.25775,25.539513,72.94666,67.77246,37.456028,-0.02020841,32.998665,55.879955,7.352636,0.000264315,0.01041599,-0.023494592,-0.0001233579,0.6541637,60.83655,37.24749,2.937657,18.47899,6.9148703,7.4233136,11.2764015,0.54685104,92.449196,2.7013738,102.08144
11.50971,0.9525238,5.7999496,68.0,3.015172,204.50668,93.7769,64.2,10.0,94.0,0.98540187,1.0,0.011971326,0.00019865924,-0.00022185103,-0.0023227376,62.167496,-0.000959967,0.0013701488,-0.011052242,-0.00010135615,19.0,28.0,40.0,38.6,101.48,21.0,105.0,71.0,52.0,-0.020208407,32.974495,56.213932,7.353235,0.000264315,0.010415927,-0.02349456,-0.0001233579,0.6541637,60.854565,37.547085,2.9368768,18.392784,6.913129,7.407458,11.30868,0.5478879,94.40391,2.7108731,102.1559
11.516486,0.9525348,5.8062205,79.54783,3.2394423,203.9742,93.91361,43.063354,10.133128,171.88795,0.98540187,0.8942193,0.011971326,0.00019865924,-0.00022185103,-0.002322739,62.41855,-0.000959967,0.0013701488,-0.011052242,-0.00010135615,15.473609,31.169607,24.873316,82.894844,328.24228,25.546234,74.984436,68.84641,37.36453,-0.020208407,32.97947,56.374355,7.353855,0.000264315,0.010415939,-0.023494538,-0.0001233579,0.6541637,60.799503,37.59916,2.9348102,18.3899,6.908423,7.3998985,11.301811,0.547347,95.1395,2.7162054,102.81412
11.52847,0.98164546,5.8162637,76.25042,3.4630673,205.1975,93.75245,43.040817,10.032794,172.63881,0.98540187,0.8942155,0.011971326,0.00019865924,-0.00022185103,-0.0023227378,63.0279,-0.000959967,0.0013701488,-0.011052242,-0.00010135615,15.687349,31.199902,24.847239,82.80766,328.61935,25.54954,75.089424,69.81851,37.304985,-0.020208407,33.033363,55.57288,7.3544283,0.000264315,0.010415953,-0.023494521,-0.0001233579,0.6541637,60.806995,37.80259,2.9351766,18.389465,6.908972,7.4045553,11.310587,0.54630387,95.12542,2.7217677,103.33601
11.506868,1.0022812,5.823265,76.336235,3.69449,205.6966,93.877335,43.141125,10.044239,173.16971,0.98540187,0.8942156,0.011971326,0.00019865924,-0.00022185103,-0.002322739,63.027534,-0.000959967,0.0013701488,-0.011052242,-0.00010135615,15.56779,31.176022,24.833996,82.695625,329.6395,25.55105,75.80904,70.34274,37.13604,-0.020208407,33.04063,55.706196,7.3555584,0.000264315,0.01041596,-0.023494467,-0.0001233579,0.6541637,60.812275,38.253765,2.9359918,18.365566,6.90913,7.394785,11.310352,0.54658306,94.597626,2.7227347,103.7094
11.449587,1.0,6.0,67.0,4.0,201.90761,87.83906,64.2,10.0,94.0,1.0,1.0,0.01197154,0.00019865924,-0.00022185103,-0.0023228065,59.48828,-0.000959967,0.0013701488,-0.0110522555,-0.00010135615,14.0,26.0,38.0,38.3,100.94,20.0,97.0,67.0,50.0,-0.02020862,32.877296,53.912106,7.356035,0.000264315,0.010414047,-0.023494223,-0.00012335788,0.65416396,60.857063,39.493584,2.934861,19.091417,6.9071,7.565319,11.258037,0.52890825,100.902596,2.6545906,104.36866
11.428306,1.0332263,6.095936,75.704315,4.23376,201.56186,87.41217,43.09884,10.004013,179.62857,0.98540187,0.89209247,0.01197154,0.00019865924,-0.00022185103,-0.0023228389,59.459427,-0.000959967,0.0013701488,-0.0110522555,-0.00010135615,15.578028,31.28063,25.53988,82.46399,332.0591,25.549566,74.01553,70.57447,36.75157,-0.02020862,32.838055,53.97531,7.356652,0.000264315,0.01041443,-0.023494177,-0.00012335788,0.65416396,60.851276,39.39222,2.9330971,19.093792,6.907276,7.5607357,11.257211,0.5269388,108.053986,2.607695,105.53307
11.408485,1.038142,6.1021075,74.046265,4.4405746,201.35718,88.3704,43.00654,10.037142,180.59381,0.98540187,0.8920901,0.01197154,0.00019865924,-0.00022185103,-0.0023228829,59.32914,-0.000959967,0.0013701488,-0.0110522555,-0.00010135615,15.040232,31.179163,25.508127,82.356575,333.6272,25.543163,73.21989,72.00511,36.43202,-0.020208623,32.855904,53.63413,7.3575277,0.000264315,0.010415333,-0.023493864,-0.00012335788,0.65416396,60.856705,39.643875,2.9325464,19.0872,6.9075217,7.55599,11.262916,0.52181154,111.56248,2.5791376,106.09618
11.408716,1.0385883,6.107197,73.810616,4.6090484,200.66061,87.66786,42.927948,10.067431,181.29955,0.98540187,0.8920899,0.01197154,0.00019865924,-0.00022185103,-0.0023228156,60.5575,-0.000959967,0.0013701488,-0.0110522555,-0.00010135615,14.630831,31.14667,25.451208,82.21151,334.8275,25.536877,73.93015,71.92157,36.16009,-0.020208623,32.893257,53.805977,7.3578467,0.000264315,0.010415554,-0.023493906,-0.00012335788,0.65416396,60.854572,39.37112,2.9317195,19.103682,6.9076777,7.554614,11.262937,0.51483315,116.12104,2.5788715,106.66033
11.391464,1.0382783,6.100641,64.0,4.784958,201.33594,88.38404,64.2,10.0,94.0,0.98540187,1.0,0.011971541,0.00019865924,-0.00022185103,-0.0023228764,58.029724,-0.000959967,0.0013701488,-0.0110522555,-0.00010135615,14.0,26.0,36.0,38.0,100.4,20.0,99.0,68.0,51.0,-0.020208623,32.859196,53.68557,7.358394,0.000264315,0.010416001,-0.023493823,-0.00012335788,0.65416396,60.856575,39.50095,2.9303184,19.02643,6.907848,7.55211,11.264187,0.5052017,122.41493,2.5097911,107.59366
11.402368,1.0388646,6.104375,73.64646,4.92587,201.96852,88.39722,43.875076,10.119492,94.0,0.98540187,0.89209455,0.011971542,0.00019865924,-0.00022185103,-0.0023228754,57.15356,-0.000959967,0.0013701488,-0.0110522555,-0.00010135615,14.770833,31.001377,25.360514,81.92475,337.65973,25.53321,72.537735,72.9857,35.553085,-0.020208623,32.81712,53.737923,7.359176,0.000264315,0.01041599,-0.023493495,-0.00012335788,0.6,50.0,35.0,3.0,14.3,7.7,7.5,10.0,2.0,123.97192,2.452298,108.807465
11.428342,1.038141,6.108294,72.13427,4.943123,201.14665,87.62519,43.945126,10.171835,186.50966,0.98540187,0.89209,0.011971542,0.00019865924,-0.00022185103,-0.0023228065,56.55596,-0.000959967,0.0013701488,-0.0110522555,-0.00010135615,14.8649845,30.991245,25.325611,81.795685,338.7441,25.535173,70.83118,71.726685,35.33879,-0.020208621,32.82844,53.526787,7.359585,0.000264315,0.010416033,-0.023493588,-0.00012335788,0.65416396,60.865776,39.602055,2.929256,19.007256,6.9078946,7.547901,11.265176,0.49675742,125.86883,2.4545786,109.80064
11.432064,1.0376989,6.1117663,72.24695,4.9066153,201.42715,88.48218,44.00727,10.201066,187.15752,0.98540187,0.89208984,0.011971542,0.00019865924,-0.00022185105,-0.002322894,57.428177,-0.000959967,0.0013701488,-0.011052255,-0.00010135615,14.9417,31.011747,25.307163,81.63507,340.24658,25.536613,69.71888,73.20715,35.32107,-0.020208627,32.86364,53.719143,7.3601885,0.000264315,0.0104160085,-0.023493748,-0.00012335788,0.65416396,60.862576,40.00753,2.9298732,18.983274,6.9077187,7.551903,11.267759,0.4917946,128.75417,2.447296,111.0803
11.543694,1.0615596,6.1594987,64.0,4.8168344,204.84828,89.79207,64.2,10.0,94.0,0.98540187,1.0,0.011971525,0.00019865924,-0.00022185106,-0.0023228964,57.961624,-0.000959967,0.0013701488,-0.0110522555,-0.00010135615,17.0,29.0,41.0,37.5,99.5,22.0,110.0,75.0,55.0,-0.020208629,32.83263,53.564808,7.359999,0.000264315,0.01041606,-0.02349376,-0.00012335788,0.65416396,60.89804,39.644802,2.9310334,19.065832,6.908184,7.5919266,11.269288,0.4931702,128.0382,2.4260373,112.11592
11.598087,1.0490249,6.1603928,76.85334,4.717841,205.06013,90.021225,43.956448,10.122633,192.97954,0.98540187,0.89218706,0.011971525,0.00019865924,-0.00022185103,-0.0023228968,57.406654,-0.000959967,0.0013701488,-0.0110522555,-0.00010135615,13.99478,30.994398,25.32589,81.23999,343.06052,25.546305,67.08332,69.15663,35.755512,-0.020208629,32.833694,53.602184,7.361168,0.000264315,0.010416035,-0.023493612,-0.00012335788,0.65416396,60.899,39.44759,2.9307492,19.066477,6.908056,7.5906005,11.270528,0.49212152,127.025154,2.40673,113.411095
11.625934,1.0466242,6.162475,76.223526,4.5604444,205.19765,89.98417,44.178154,10.166657,193.73782,0.98540187,0.8921913,0.011971525,0.00019865924,-0.00022185102,-0.0023228975,56.817238,-0.000959967,0.0013701488,-0.0110522555,-0.00010135615,14.223705,30.981003,25.336964,81.068,344.55026,25.555042,66.25343,69.08197,35.91979,-0.020208629,32.84257,53.65048,7.3617764,0.000264315,0.01041594,-0.023493767,-0.00012335788,0.65416396,60.902657,39.14718,2.930649,19.0545,6.9078574,7.580781,11.276112,0.49214327,127.93341,2.4050584,114.248886
11.584751,0.9888792,6.1634703,76.320564,4.4119096,205.83257,90.38547,44.280994,9.9366,194.309,0.98540187,0.89219147,0.011971525,0.00019865924,-0.00022185103,-0.0023228962,56.899696,-0.000959967,0.0013701488,-0.0110522555,-0.00010135615,14.44811,30.976534,25.340782,80.85976,345.6814,25.560009,65.50427,69.08177,36.100937,-0.020208629,32.85676,53.81472,7.361995,0.000264315,0.010415937,-0.023493601,-0.00012335788,0.65416396,60.89839,38.854008,2.9300199,19.051826,6.9077377,7.5789905,11.280833,0.49173456,128.40657,2.400855,115.44209
11.661851,1.0097423,6.1547794,60.0,4.2815433,204.13554,90.247215,44.532288,10.0,94.0,0.98540187,1.0,0.011971521,0.00019865924,-0.00022185103,-0.0023228962,57.582993,-0.000959967,0.0013701488,-0.0110522555,-0.00010135615,16.0,27.0,37.0,37.4,99.32,22.0,98.0,68.0,52.0,-0.020208629,32.891632,53.973427,7.363047,0.000264315,0.010415919,-0.023493586,-0.00012335788,0.65416396,60.902325,38.347103,2.9298356,18.970768,6.907785,7.5803885,11.318174,0.49266085,126.883995,2.4062412,116.52856
11.683801,1.0150046,6.1565003,76.68983,4.1313,203.33836,90.07708,44.51032,10.217589,198.29846,0.98540187,0.8921955,0.011971521,0.00019865924,-0.00022185103,-0.002322896,57.83451,-0.000959967,0.0013701488,-0.0110522555,-0.00010135615,15.144165,31.004345,25.321144,80.38455,347.8055,25.563173,66.19591,72.17048,36.45271,-0.02020863,32.876007,53.9995,7.41,0.000264315,0.0104159275,-0.023493629,-0.00012335788,0.65416396,60.889454,38.17778,2.9310904,18.970778,6.9034452,7.573181,11.313569,0.49563888,168.0,3.35,117.7535
11.679364,1.0323124,6.1630735,74.26996,3.964018,204.27058,90.21717,44.450912,10.243746,199.04544,0.98540187,0.8921923,0.011971521,0.00019865924,-0.00022185103,-0.0023228934,57.223522,-0.000959967,0.0013701488,-0.0110522555,-0.00010135615,15.420528,31.035995,25.293432,80.1965,348.45737,25.561214,65.62511,74.41379,36.585682,-0.02020863,32.85545,54.24118,7.3641324,0.000264315,0.010415938,-0.023493495,-0.00012335788,0.65416396,60.872707,37.877365,2.9308074,18.967442,6.904574,7.568566,11.319546,0.4945299,126.03237,2.4236677,118.832535
11.6514225,1.031483,6.1660595,74.57355,3.7963607,203.77924,89.90636,44.45953,9.913488,199.60957,0.98540187,0.8921924,0.011971521,0.00019865924,-0.00022185103,-0.0023228968,56.962196,-0.000959967,0.0013701488,-0.0110522555,-0.00010135615,15.348184,31.029915,25.267775,79.965004,349.56726,25.547533,64.99388,73.40983,36.690254,-0.02020863,32.84608,54.332287,7.3636675,0.000264315,0.010415943,-0.023493528,-0.00012335788,0.65416396,60.873528,37.743458,2.929985,18.94402,6.9047914,7.5590253,11.320471,0.4959669,125.040276,2.4294717,120.35252
11.832962,1.0,6.0,59.0,4.0,219.47197,92.77281,64.2,10.0,94.0,1.0,1.0,0.01197167,0.00019865927,-0.00022185105,-0.0023232712,59.999023,-0.000959967,0.0013701488,-0.011052415,-0.000101356156,16.0,26.0,37.0,37.4,99.32,20.0,97.0,68.0,51.0,-0.020208053,31.722794,55.587276,7.3705125,0.00026431496,0.010418777,-0.0234941,-0.00012335788,0.65415794,60.614834,39.576355,2.9598696,18.046913,7.0957484,8.500923,11.845286,0.3339298,121.5926,2.4254458,122.19837
11.965245,1.0325673,6.762271,71.50007,3.8626266,220.89473,92.28189,48.169334,10.062332,210.17241,0.98540187,0.85715246,0.011971669,0.00019865927,-0.00022185105,-0.0023234545,60.2086,-0.000959967,0.0013701488,-0.011052415,-0.000101356156,13.871087,29.746225,27.159246,80.7484,355.5805,25.185877,68.41178,57.411785,32.918545,-0.020208053,31.68557,56.21242,7.370929,0.00026431496,0.010418348,-0.023494268,-0.00012335788,0.6541579,60.63887,39.98612,2.9600582,17.983978,7.089514,8.500927,11.828704,0.33423328,118.71093,2.4200933,124.00261
12.07307,1.0314429,6.7669873,70.31941,3.718616,218.27336,92.56412,47.964077,10.095327,95.0,0.98540187,0.85714775,0.011971483,0.00019865927,-0.00022185103,-0.0023237166,61.13847,-0.000959967,0.0013701488,-0.011052415,-0.00010135615,14.2223625,29.795286,27.16813,80.85313,356.4431,25.151306,73.133,57.0277,32.654392,-0.020208051,31.679268,57.216797,7.3706822,0.00026431496,0.010417346,-0.02349458,-0.00012335788,0.6,50.0,35.0,3.0,12.1,7.5,7.5,10.0,2.0,115.63261,2.418858,125.22349
11.961058,1.0312662,6.769822,70.04604,3.6321557,220.10738,92.568146,47.91319,10.106539,212.56569,0.98540187,0.85715276,0.011971669,0.00019865927,-0.00022185103,-0.002323323,58.607414,-0.000959967,0.0013701488,-0.011052415,-0.00010135615,14.404215,29.812258,27.069115,80.998535,357.3207,25.11707,74.564156,56.581657,32.64078,-0.02020805,31.68055,57.086155,7.371748,0.00026431496,0.010417092,-0.023494484,-0.00012335788,0.6541579,60.651848,40.192577,2.9584935,17.866234,7.075426,8.506487,11.750374,0.29743809,112.5564,2.423742,127.34669
12.218436,1.0301738,6.764416,59.0,3.5258546,219.62886,92.644745,64.2,10.0,95.0,0.98540187,1.0,0.01197167,0.00019865927,-0.00022185103,-0.0023236678,63.536514,-0.000959967,0.0013701488,-0.011052415,-0.00010135615,16.0,28.0,40.0,37.3,99.14,22.0,103.0,71.0,54.0,-0.020208057,31.752481,56.87702,7.372477,0.00026431496,0.010416596,-0.023494588,-0.00012335788,0.6541579,60.65225,40.683243,2.9577806,17.890652,7.0717072,8.518971,11.747108,0.27968156,108.995674,2.4043689,129.2564
12.257547,1.0301589,6.767656,71.34436,3.3656468,216.98647,92.72273,48.915638,10.12363,218.00774,0.98540187,0.85713077,0.01197167,0.00019865927,-0.00022185105,-0.0023236582,65.69351,-0.000959967,0.0013701488,-0.011052415,-0.00010135615,14.249352,29.864973,26.958818,81.833855,359.4635,25.097393,75.66537,59.183346,32.277206,-0.020208074,31.83326,56.733166,7.3721533,0.00026431496,0.010416604,-0.023494976,-0.00012335788,0.6541579,60.64936,40.903427,2.95901,17.907536,7.0649767,8.533287,11.790002,0.2678198,107.897545,2.3910165,130.8564
12.190096,1.0304557,6.77224,70.489296,3.2363203,220.993,92.118835,49.186848,10.116433,219.17455,0.98540187,0.85712135,0.011971669,0.00019865927,-0.00022185105,-0.0023232661,67.48478,-0.000959967,0.0013701488,-0.011052415,-0.00010135615,14.175601,29.86381,26.9149,82.19573,360.153,25.122143,75.65506,62.671608,32.12312,-0.020208098,31.830551,57.407837,7.3735213,0.00026431496,0.010416545,-0.023494722,-0.00012335788,0.6541579,60.635,41.303207,2.9544349,17.896044,7.0684233,8.529751,11.742272,0.26660573,104.814,2.3915868,132.46587
12.065755,1.0302354,6.777437,71.4509,3.03746,221.20837,91.99622,49.5076,10.118056,220.1041,0.98540187,0.85712564,0.01197167,0.00019865927,-0.00022185105,-0.0023237658,65.763306,-0.000959967,0.0013701488,-0.011052415,-0.00010135615,13.883643,29.860653,26.867846,82.67884,361.40982,25.144648,75.85464,64.07633,31.99386,-0.020208102,31.813599,58.37644,7.3756037,0.00026431496,0.010416571,-0.02349447,-0.00012335788,0.6541579,60.62205,42.10573,2.9472947,17.923988,7.07345,8.562781,11.72946,0.25996727,100.7769,2.3896012,134.89706
12.008373,1.0438,6.797746,59.0,2.7768257,221.44536,92.79817,64.2,10.0,94.0,0.98540187,1.0,0.011971687,0.00019865927,-0.00022185105,-0.0023237674,68.97531,-0.000959967,0.0013701488,-0.011052415,-0.00010135615,14.0,28.0,40.0,37.4,99.32,21.0,112.0,74.0,53.0,-0.020208124,31.899498,58.65795,7.3749156,0.00026431496,0.010416523,-0.023494586,-0.00012335788,0.6541579,60.618538,42.309093,2.944597,18.045576,7.0823,8.60324,11.753584,0.26101136,99.86337,2.3744876,136.03886
12.015647,1.0374441,6.795725,75.260765,3.001504,222.24045,93.167854,49.410103,10.093802,226.3381,0.98540187,0.85711545,0.011971687,0.00019865927,-0.00022185105,-0.0023237646,69.901794,-0.000959967,0.0013701488,-0.011052415,-0.00010135615,13.726398,29.820297,26.859146,83.07622,363.0295,25.18847,73.89026,56.884777,32.10653,-0.020208133,31.912209,58.659664,7.376293,0.00026431496,0.01041654,-0.023494203,-0.00012335788,0.6541579,60.609013,42.2069,2.944676,18.06915,7.086775,8.605853,11.745814,0.26243776,99.16017,2.3643224,137.20514
11.977822,1.0365481,6.795273,75.69929,3.1841633,220.34157,92.87798,49.59028,10.115816,227.18419,0.98540187,0.8571064,0.011971687,0.00019865927,-0.00022185105,-0.0023237623,71.63739,-0.000959967,0.0013701488,-0.011052415,-0.00010135615,13.599949,29.821636,26.833633,83.25737,364.52267,25.199287,74.87579,56.42626,32.030804,-0.020208154,31.91692,58.79691,7.3774557,0.00026431496,0.010416629,-0.02349449,-0.00012335788,0.6541579,60.613983,41.9661,2.945738,18.123072,7.093141,8.600635,11.84458,0.26260453,97.64973,2.3616822,138.11415
11.997572,1.0010735,6.7937517,76.2974,3.4089622,219.77263,92.91606,49.6315,10.154663,227.89758,0.98540187,0.85709965,0.011971687,0.00019865927,-0.00022185105,-0.0023237637,70.56643,-0.000959967,0.0013701488,-0.011052415,-0.00010135615,13.372256,29.82172,26.7751,83.49714,365.5863,25.211542,74.66914,55.638233,31.962986,-0.020208176,31.900404,58.562073,7.3769965,0.00026431496,0.010416624,-0.023494376,-0.00012335788,0.6541579,60.616863,41.942646,2.9471765,18.140337,7.0969863,8.601866,11.850729,0.26208684,96.19688,2.360648,139.50096
11.947193,1.0149862,6.781285,76.660965,3.5433726,221.64467,92.840546,50.09515,10.170885,231.39374,0.98540187,0.8570606,0.011971688,0.00019865927,-0.00022185105,-0.0023237583,70.97573,-0.000959967,0.0013701488,-0.011052415,-0.00010135615,12.837713,29.84244,26.721357,83.67641,366.26736,25.21603,71.06546,58.16094,31.882757,-0.020208197,31.867428,58.194824,7.3766484,0.00026431496,0.010416686,-0.023494227,-0.00012335788,0.6541579,60.61673,41.46566,2.9463687,18.13057,7.105133,8.59291,11.903044,0.26117867,94.99161,2.3577664,140.35611
11.923314,1.0186183,6.780643,77.38589,3.6434536,221.25883,93.158646,50.10814,10.0971,94.0,0.98540187,0.85706,0.011971688,0.00019865927,-0.00022185105,-0.002323759,71.22452,-0.000959967,0.0013701488,-0.011052415,-0.00010135615,13.033607,29.822704,26.66454,83.88456,367.40753,25.22673,70.74125,58.719414,31.654602,-0.020208217,31.898668,58.022865,7.3782573,0.00026431496,0.010416666,-0.0234943,-0.00012335788,0.6,50.0,35.0,3.0,11.8,7.9,7.5,10.0,1.5,93.962074,2.3559697,141.20659
11.915649,1.030477,6.7865376,76.187325,3.743622,222.95058,93.354774,50.098427,10.097845,233.05266,0.98540187,0.85705876,0.011971688,0.00019865927,-0.00022185105,-0.002323757,73.170685,-0.000959967,0.0013701488,-0.011052415,-0.00010135615,13.103649,29.820196,26.634077,83.95906,367.6286,25.232569,67.24459,59.202076,31.660322,-0.020208236,31.918133,58.211575,7.3781776,0.00026431496,0.010416642,-0.023494583,-0.00012335788,0.6541579,60.620094,41.05232,2.9459212,18.119864,7.133446,8.585318,11.903581,0.2621547,93.14065,2.3621287,142.0209
11.948923,1.0304549,6.7877183,76.69961,3.8389916,223.80377,93.29656,50.12781,10.144424,233.65672,0.98540187,0.85705906,0.011971688,0.00019865927,-0.00022185103,-0.0023237597,73.32909,-0.000959967,0.0013701488,-0.011052415,-0.00010135615,13.165965,29.825184,26.597685,84.068535,368.3429,25.230259,67.763725,59.72306,31.4932,-0.020208247,31.92583,58.283215,7.378247,0.00026431496,0.010416635,-0.02349424,-0.00012335788,0.6541579,60.63494,40.70106,2.9437602,18.108788,7.1336007,8.576655,11.904775,0.26073498,92.563484,2.3641543,143.2494
12.0,1.0,6.0,60.0,4.0,223.69331,91.42438,64.2,10.0,96.0,1.0,1.0,0.01197169,0.00019865927,-0.00022185105,-0.002323756,74.47401,-0.000959967,0.0013701488,-0.011052414,-0.00010135615,14.0,26.0,37.0,37.7,99.86,19.0,106.0,70.0,51.0,-0.02020825,31.85923,57.67988,7.3793716,0.00026431496,0.010416629,-0.023494236,-0.00012335788,0.6,60.68459,40.367905,2.9398007,18.658442,7.170249,8.611747,11.929273,0.26445276,92.13204,2.3849814,144.55219
11.887433,1.0213385,6.8965864,79.40175,3.9625432,223.9097,91.23726,49.95973,9.644734,241.40976,0.98540187,0.8583359,0.01197169,0.00019865927,-0.00022185105,-0.002323752,73.898964,-0.000959967,0.0013701488,-0.011052414,-0.00010135615,12.5065775,29.90931,27.219353,84.5849,369.37854,25.174356,75.916595,56.65072,32.244576,-0.02020825,31.812338,57.8591,7.380126,0.00026431496,0.010416628,-0.023494333,-0.00012335788,0.6541579,60.68921,40.482616,2.9412022,18.684408,7.1715603,8.607981,11.932511,0.26388794,90.13707,2.3995974,145.62524
11.86437,1.0261282,6.9006925,79.39156,3.9771495,224.40492,91.60887,50.025326,9.909866,242.48593,0.98540187,0.85834044,0.01197169,0.00019865927,-0.00022185105,-0.0023237548,74.777695,-0.000959967,0.0013701488,-0.011052414,-0.00010135615,12.113885,29.916388,27.197779,84.78768,372.9465,25.109207,80.511665,56.66879,32.35431,-0.02020826,31.79562,57.84105,7.3772726,0.00026431496,0.010416614,-0.023494273,-0.00012335788,0.6541579,60.688923,40.517525,2.942571,18.729134,7.1734176,8.60269,11.939399,0.26375946,89.17763,2.40941,146.22937
11.899996,1.0271555,6.900624,79.71946,3.9452171,223.80894,91.28462,49.94433,9.841966,243.31715,0.98540187,0.8583394,0.01197169,0.00019865927,-0.00022185105,-0.0023237525,74.8214,-0.000959967,0.0013701488,-0.011052414,-0.00010135615,12.096284,29.9193,27.15812,85.05858,376.22516,25.04901,81.47279,56.213947,32.293594,-0.020208271,31.784441,57.756714,7.3756437,0.00026431496,0.010416612,-0.023494154,-0.00012335788,0.6541579,60.68515,40.472637,2.9435272,18.784718,7.1741486,8.597473,11.939037,0.26235873,88.81582,2.4118044,147.34125
11.825994,1.0317079,6.893333,62.0,3.8830793,224.02037,91.30624,64.2,10.0,96.0,0.98540187,1.0,0.01197169,0.00019865927,-0.00022185103,-0.002323751,74.4865,-0.000959967,0.0013701488,-0.011052414,-0.00010135615,13.0,27.0,39.0,37.9,100.22,20.0,112.0,74.0,53.0,-0.02020829,31.806952,57.702587,7.37332,0.00026431496,0.010416599,-0.0234946,-0.00012335788,0.6541579,60.678753,40.478092,2.9439242,18.79284,7.1769166,8.59582,11.938255,0.2598147,88.525185,2.4286182,148.17072
11.795169,1.0320691,6.8934503,79.98939,3.7380836,224.08371,91.16431,50.945976,9.44134,248.34012,0.98540187,0.8583494,0.01197169,0.00019865927,-0.00022185103,-0.0023237532,74.64968,-0.000959967,0.0013701488,-0.011052414,-0.00010135615,12.342947,29.932981,27.103262,85.63521,382.36035,25.013231,84.569885,57.324093,32.642456,-0.020208292,31.830553,57.521572,7.3737197,0.00026431496,0.010416602,-0.02349445,-0.00012335788,0.6541579,60.661358,40.51868,2.944156,18.76085,7.177412,8.590801,11.937083,0.2592731,87.998184,2.4431295,149.0038
11.787587,1.0313625,6.898166,77.65431,3.5947516,223.91083,90.81643,50.984764,9.448953,249.21594,0.98540187,0.85834885,0.01197169,0.00019865927,-0.00022185103,-0.002323757,75.140625,-0.000959967,0.0013701488,-0.011052414,-0.00010135615,12.672864,29.934494,27.077469,85.889626,385.00858,25.054913,87.51728,57.3857,32.68528,-0.02020829,31.840424,57.27711,7.3664474,0.00026431496,0.010416612,-0.023495398,-0.00012335788,0.6541579,60.656193,40.690983,2.9446192,18.773867,7.1751127,8.59009,11.938653,0.25849316,87.29614,2.444771,149.79346
11.828419,1.0327973,6.899355,77.68281,3.3798945,223.87268,91.24427,51.055813,10.083524,249.91653,0.98540187,0.8583477,0.01197169,0.00019865927,-0.00022185105,-0.0023237518,75.3799,-0.000959967,0.0013701488,-0.011052414,-0.00010135615,12.82976,29.939426,27.05853,86.22052,388.64224,25.089912,86.73978,58.316513,32.80092,-0.02020829,31.839346,57.104893,7.362988,0.00026431496,0.010416617,-0.023494693,-0.00012335788,0.6541579,60.65684,40.720375,2.945044,18.73777,7.1729274,8.579859,11.939519,0.2580026,86.45298,2.4464018,150.852
11.709976,1.0467241,6.9410267,62.0,3.1557736,225.72948,89.685104,64.2,10.0,96.0,0.98540187,1.0,0.01197169,0.00019865927,-0.00022185105,-0.002323751,75.99562,-0.000959967,0.0013701488,-0.011052413,-0.00010135615,13.0,26.0,38.0,37.9,100.22,19.0,104.0,69.0,51.0,-0.02020828,31.849848,57.137684,7.360922,0.00026431496,0.010416655,-0.023495758,-0.00012335788,0.6541579,60.65029,40.633736,2.9452844,18.758497,7.172172,8.637666,11.939457,0.2582031,86.29906,2.4499292,151.22751
11.645927,1.0407034,6.9409847,77.80635,2.8761065,225.96547,89.311104,50.77132,9.723415,256.6621,0.98540187,0.8583905,0.01197169,0.00019865927,-0.00022185106,-0.0023237497,75.684494,-0.000959967,0.0013701488,-0.011052413,-0.00010135615,13.163816,29.933973,27.016766,86.78146,394.31058,25.174711,90.371025,54.463425,33.559082,-0.020208284,31.85666,56.96463,7.354298,0.00026431496,0.010416654,-0.023495784,-0.00012335788,0.6541579,60.647602,40.471786,2.945278,18.742056,7.1716413,8.641194,11.940303,0.25820392,86.34843,2.454777,151.85423
11.632405,1.0401376,6.9437823,77.07847,2.6572819,226.019,89.61293,50.97951,9.395378,257.52026,0.98540187,0.85839474,0.01197169,0.00019865927,-0.00022185105,-0.0023237455,76.0053,-0.000959967,0.0013701488,-0.011052413,-0.00010135615,14.053382,29.930887,27.03503,86.99384,395.71164,25.201153,94.81047,54.06265,33.594955,-0.020208284,31.834549,56.25459,7.3499527,0.00026431496,0.010416646,-0.023495473,-0.00012335788,0.6541579,60.646046,40.344833,2.9446762,18.720793,7.170109,8.637828,11.926266,0.25822785,86.111984,2.4550447,152.16278
11.693845,1.0149891,6.94366,76.7682,3.1909745,226.44696,89.214005,51.080418,9.756824,258.17822,0.98540187,0.8583962,0.01197169,0.00019865927,-0.00022185103,-0.0023237513,75.967316,-0.000959967,0.0013701488,-0.011052413,-0.00010135615,14.660686,29.936644,27.028654,87.26922,397.48657,25.219437,94.85203,53.46783,33.793346,-0.020208284,31.80851,55.724026,7.3478765,0.00026431496,0.010416642,-0.023496319,-0.00012335788,0.6541579,60.643257,40.377586,2.9443336,18.715677,7.1691117,8.637063,11.923534,0.25812766,86.26204,2.457049,152.48607
11.6026,1.0245045,6.935597,60.0,3.485472,225.1988,89.998604,64.2,10.0,95.0,0.98540187,1.0,0.01197169,0.00019865927,-0.00022185105,-0.0023237457,77.90512,-0.000959967,0.0013701488,-0.011052413,-0.00010135615,21.0,31.0,42.0,38.1,100.58,25.0,109.0,75.0,56.0,-0.020208286,31.780146,54.650955,7.34249,0.00026431496,0.010416618,-0.02349669,-0.00012335788,0.6541579,60.639515,40.152126,2.9444637,18.685783,7.16787,8.638826,11.901496,0.2582577,86.65968,2.4562666,152.55551
11.586048,1.0280607,6.9353604,76.69684,3.6106045,224.56236,90.236946,51.306377,9.982196,262.88922,0.98540187,0.8584086,0.01197169,0.00019865927,-0.00022185105,-0.0023237441,77.93901,-0.000959967,0.0013701488,-0.011052413,-0.00010135615,14.529874,29.933563,27.101128,87.78137,397.78625,25.235327,95.56441,57.260628,34.052486,-0.020208288,31.737476,54.68327,7.3388214,0.00026431496,0.010416621,-0.023496555,-0.00012335788,0.6541579,60.641205,39.98007,2.9448903,18.689255,7.142783,8.6381235,11.901646,0.25840414,87.0092,2.4572647,152.91422
11.591239,1.0355896,6.9395456,75.61436,3.7394688,225.15173,89.88308,51.221638,9.336563,263.72153,0.98540187,0.8584069,0.01197169,0.00019865927,-0.00022185105,-0.002323745,78.39806,-0.000959967,0.0013701488,-0.011052413,-0.00010135615,13.5440035,29.924892,27.143448,87.96583,397.42493,25.241085,94.52879,58.301258,34.37065,-0.02020829,31.725569,54.396015,7.335026,0.00026431496,0.010416631,-0.023496762,-0.00012335788,0.6541579,60.637333,39.822044,2.946098,18.69505,7.1396213,8.637987,11.900426,0.25858164,87.77096,2.4569564,153.15794
11.6180525,1.0359017,6.9403267,75.11321,3.8593366,224.86398,90.07684,51.18576,10.101846,264.32816,0.98540187,0.8584069,0.01197169,0.00019865927,-0.00022185105,-0.0023237444,78.01084,-0.000959967,0.0013701488,-0.011052413,-0.00010135615,13.4503565,29.926586,27.178043,88.20664,396.88806,25.235212,93.65281,58.60217,34.883476,-0.020208286,31.757431,54.44074,7.331747,0.00026431496,0.010416634,-0.023496917,-0.00012335788,0.6541579,60.639217,39.40185,2.9473646,18.684324,7.1387467,8.634234,11.90009,0.25885424,88.66773,2.457815,153.33223
9.754275,1.0,6.0,62.0,4.0,233.53128,88.79209,64.2,10.0,95.0,1.0,1.0,0.011971763,0.00019865927,-0.00022185105,-0.0023238077,68.92744,-0.000959967,0.0013701488,-0.011052429,-0.000101356156,21.0,30.0,41.0,38.2,100.76,24.0,100.0,70.0,54.0,-0.020208353,32.087894,55.07872,7.3279333,0.00026431496,0.010415478,-0.023496788,-0.00012335788,0.6,50.0,35.0,3.0,13.6,8.39,7.5,10.0,1.5,88.03373,2.406665,153.34369
9.700324,1.0334572,7.2209396,77.02512,4.0303316,234.26823,88.82047,52.210037,9.880157,272.73523,0.98540187,0.8538086,0.011971761,0.00019865927,-0.00022185105,-0.0023238298,69.71095,-0.000959967,0.0013701488,-0.011052429,-0.000101356156,15.186146,28.382065,29.246025,88.56739,394.94766,25.24182,113.374855,48.33106,38.00828,-0.020208355,32.114246,55.572067,7.3240776,0.00026431496,0.01041556,-0.023497116,-0.00012335788,0.6541551,60.87275,38.850723,2.9599237,19.975018,7.310805,8.80392,12.2543335,0.25076103,86.956406,2.3757617,153.68344
9.65913,1.023571,7.221498,77.898865,4.0615926,232.97806,89.87214,51.9171,9.887003,273.651,0.98540187,0.85380745,0.011971754,0.00019865927,-0.00022185105,-0.0023238608,69.652534,-0.000959967,0.0013701488,-0.011052429,-0.00010135615,14.736938,28.388357,29.262774,88.7111,395.14047,25.209642,118.79971,47.959564,38.081608,-0.020208366,32.105656,55.612373,7.3207226,0.00026431496,0.010415759,-0.023496907,-0.00012335788,0.6541551,60.88374,38.896694,2.959029,19.979422,7.3084254,8.791736,12.254142,0.2526223,87.49455,2.3575199,153.72562
9.693996,1.0120462,7.2211857,78.43924,4.037435,233.40152,88.85937,51.843117,9.892202,274.3654,0.98540187,0.8538046,0.0119717615,0.00019865927,-0.00022185105,-0.002323812,70.936195,-0.000959967,0.0013701488,-0.011052429,-0.00010135615,13.953509,28.385605,29.206217,88.90294,392.78036,25.17844,121.25961,47.682426,38.14081,-0.020208368,32.09187,55.781433,7.3171144,0.00026431496,0.010415811,-0.023497209,-0.00012335788,0.6541551,60.85788,38.79023,2.958612,20.020855,7.306872,8.789889,12.265145,0.25495,88.23982,2.3566525,153.68388
9.625324,0.9994104,7.212737,64.0,3.9874585,233.68503,89.34198,64.2,10.0,95.0,0.98540187,1.0,0.011971763,0.00019865927,-0.00022185105,-0.0023238496,68.61879,-0.000959967,0.0013701488,-0.011052429,-0.00010135615,17.0,27.0,40.0,38.3,100.94,21.0,105.0,72.0,53.0,-0.020208362,32.055046,55.834435,7.3135133,0.00026431496,0.010415915,-0.023497337,-0.00012335788,0.6541551,60.892296,38.688972,2.9582462,20.092152,7.3077292,8.789577,12.25818,0.25829452,88.21421,2.318104,153.63115
9.618611,0.98807263,7.213019,80.39259,3.8620281,232.95126,90.1012,53.06975,9.647455,279.1742,0.98540187,0.8538192,0.011971764,0.00019865927,-0.00022185105,-0.00232385,67.477615,-0.000959967,0.0013701488,-0.011052429,-0.00010135615,13.280625,28.372244,29.089384,89.21512,389.7352,25.161423,118.95498,50.05592,37.721848,-0.020208362,32.062035,55.953926,7.309919,0.00026431496,0.010415904,-0.023497198,-0.00012335788,0.6541551,60.799137,38.651123,2.9585886,20.064837,7.3066115,8.784222,12.259882,0.26063967,87.925415,2.2861233,153.85176
9.635327,0.9763807,7.213251,82.36516,3.7361715,234.24785,89.387665,53.28313,9.086775,280.0693,0.98540187,0.8538194,0.011971764,0.00019865927,-0.00022185105,-0.0023238081,66.952934,-0.000959967,0.0013701488,-0.011052429,-0.00010135615,13.652737,28.372152,29.057337,89.3244,389.89755,25.18376,117.63679,50.70423,37.723595,-0.02020836,32.06165,55.907356,7.306328,0.00026431496,0.010415924,-0.023497451,-0.00012335788,0.6541551,60.771145,38.718315,2.9588337,20.072496,7.3070045,8.782733,12.255176,0.26003698,87.425224,2.297448,153.95822
9.66125,0.9640173,7.2142015,82.91257,3.6363811,234.47508,89.92385,53.523323,9.518946,280.7299,0.98540187,0.8538172,0.011971764,0.00019865927,-0.00022185105,-0.0023238615,67.73185,-0.000959967,0.0013701488,-0.011052429,-0.00010135615,14.031927,28.376451,29.01537,89.46804,391.8539,25.20184,117.77654,51.30386,37.676273,-0.02020837,32.033585,56.455833,7.302805,0.00026431496,0.01041591,-0.023497902,-0.00012335788,0.6541551,60.7793,38.560524,2.960085,20.04763,7.307602,8.770474,12.242695,0.2617873,86.58628,2.296815,153.90588
9.70883,0.9525342,7.2459664,63.0,3.5949507,234.43903,90.875885,53.25423,10.0,93.0,0.98540187,1.0,0.011971753,0.00019865927,-0.00022185105,-0.0023238603,66.975235,-0.000959967,0.0013701488,-0.011052431,-0.00010135615,17.0,27.0,39.0,38.4,101.12,21.0,102.0,69.0,51.0,-0.020208364,31.993353,56.52523,7.299185,0.00026431496,0.010415981,-0.02349809,-0.00012335788,0.6541551,60.70941,38.23428,2.9591832,20.011177,7.3103256,8.802781,12.254071,0.26158822,86.355316,2.2989066,154.00461
9.717886,0.9525281,7.2451725,83.93819,3.5349572,234.7223,91.0861,53.434742,9.950438,287.20975,0.98540187,0.85387975,0.011971753,0.00019865927,-0.00022185105,-0.0023238594,66.3717,-0.000959967,0.0013701488,-0.011052431,-0.00010135615,13.598026,28.350557,28.952513,89.75412,394.01425,25.244822,116.06368,48.13338,36.779583,-0.020208364,31.970364,56.543118,7.295578,0.00026431496,0.010415974,-0.023498267,-0.00012335788,0.6541551,60.712612,38.159054,2.9591167,19.995365,7.311497,8.805929,12.2489805,0.26135406,86.39977,2.2988904,154.50235
9.735902,0.95252204,7.2447853,83.901794,3.4900982,234.14215,90.862656,53.56731,9.955368,288.14545,0.98540187,0.85388565,0.011971753,0.00019865927,-0.00022185105,-0.0023238582,65.65726,-0.000959967,0.0013701488,-0.011052431,-0.00010135615,13.403121,28.347145,28.922092,89.861275,395.32498,25.257376,113.18813,47.702984,36.563835,-0.020208364,31.983406,56.45472,7.2920046,0.00026431496,0.010415948,-0.023498468,-0.00012335788,0.6541551,60.708744,38.16609,2.9583306,19.971598,7.3131957,8.803392,12.246849,0.26091218,86.137085,2.305172,154.64273
9.720329,0.95251536,7.2440653,84.324265,3.4282942,234.01602,90.965614,53.611046,9.954081,288.85593,0.98540187,0.85388875,0.011971753,0.00019865927,-0.00022185105,-0.0023238598,66.38551,-0.000959967,0.0013701488,-0.011052431,-0.00010135615,13.745435,28.354006,28.874083,89.99802,396.35507,25.2673,112.33551,47.306892,36.369278,-0.020208364,32.021732,56.505325,7.28837,0.00026431496,0.010415947,-0.023498649,-0.00012335788,0.6541551,60.728516,38.29901,2.9580064,19.95575,7.314231,8.803272,12.244464,0.26171264,85.56201,2.3054614,154.69087
9.753056,0.9525095,7.235374,84.53006,3.4677632,234.5452,90.15916,54.086872,9.963783,292.39014,0.98540187,0.853912,0.011971751,0.00019865927,-0.00022185105,-0.0023238575,65.97476,-0.000959967,0.0013701488,-0.011052431,-0.00010135615,14.454459,28.357729,28.854433,90.12816,396.9004,25.269615,107.69124,49.35479,35.501137,-0.020208364,32.046806,56.336273,7.2847576,0.00026431496,0.010415915,-0.023498852,-0.00012335788,0.6541551,60.702908,38.268078,2.9577441,19.927946,7.3167434,8.801964,12.242034,0.26299942,85.13183,2.3171968,154.88057
9.765078,0.95250344,7.235445,84.82698,3.5779512,234.36104,90.078415,54.080845,9.932128,293.21484,0.98540187,0.85391027,0.011971751,0.00019865927,-0.00022185105,-0.0023238577,65.57293,-0.000959967,0.0013701488,-0.011052431,-0.00010135615,15.009384,28.359982,28.827663,90.269936,397.9832,25.277836,106.826965,49.853336,35.199436,-0.020208364,32.062866,56.338745,7.2855716,0.00026431496,0.010415922,-0.023498751,-0.00012335788,0.6541551,60.75203,38.135536,2.9576967,19.941353,7.310745,8.802068,12.240389,0.26313785,85.28636,2.3264313,155.3134
9.765672,0.95250463,7.2391458,84.51303,3.6875188,235.02235,90.099655,54.002342,9.972862,294.01178,0.98540187,0.8539082,0.011971751,0.00019865927,-0.00022185103,-0.002323859,64.12717,-0.000959967,0.0013701488,-0.011052431,-0.00010135615,15.943613,28.361393,28.816507,90.374,398.2399,25.281525,103.246254,50.55996,35.33623,-0.020208366,32.093243,56.328056,7.278524,0.00026431496,0.010415925,-0.023499647,-0.00012335788,0.6541551,60.741695,38.139275,2.9573238,19.938889,7.31191,8.802379,12.238807,0.2637199,85.40129,2.3352284,155.58041
9.748612,0.9525057,7.2401376,85.00808,3.7958517,235.24171,89.94507,54.035877,9.988501,294.61182,0.98540187,0.8539081,0.011971751,0.00019865927,-0.00022185105,-0.0023238573,64.32763,-0.000959967,0.0013701488,-0.011052431,-0.00010135615,16.37294,28.361248,28.781584,90.50951,399.21478,25.274529,102.6781,51.11098,35.54772,-0.020208366,32.08914,56.347355,7.2750454,0.00026431496,0.0104159275,-0.02349871,-0.00012335788,0.6541551,60.741474,37.95213,2.9573858,19.937204,7.312182,8.801594,12.241581,0.26387167,85.523506,2.3397946,155.80305
9.0,1.0,6.0,68.0,4.0,235.47661,91.58443,64.2,10.0,94.0,1.0,1.0,0.011971753,0.00019865927,-0.00022185105,-0.0023238596,66.7677,-0.000959967,0.0013701488,-0.011052432,-0.00010135615,15.0,29.0,42.0,38.4,101.12,21.0,115.0,78.0,57.0,-0.020208376,32.01575,56.27169,7.2731786,0.00026431496,0.010415928,-0.023499735,-0.00012335788,0.65415514,60.752777,38.020195,2.9555373,20.342493,7.328237,8.915947,12.275248,0.26815265,85.13576,2.3345044,155.96965
9.808675,0.9525076,7.4083996,86.623955,4.066067,235.46713,91.685135,53.911797,12.479891,302.26236,0.98540187,0.85542214,0.011971753,0.00019865927,-0.00022185106,-0.0023238608,66.87736,-0.000959967,0.0013701488,-0.011052432,-0.00010135615,16.832365,28.395464,29.514376,90.782036,402.1469,25.22664,101.86974,47.632107,36.029846,-0.020208374,32.000534,56.687923,7.2685757,0.00026431496,0.010415924,-0.02349976,-0.00012335788,0.65415514,60.759262,37.99678,2.955357,20.354847,7.328643,8.9190445,12.275842,0.26805124,83.97838,2.3297853,156.42091
9.850628,0.9525081,7.4110117,87.48283,4.1555305,235.42264,91.38004,53.9526,14.538573,303.12213,0.98540187,0.8554244,0.011971753,0.00019865927,-0.00022185105,-0.002323863,66.797485,-0.000959967,0.0013701488,-0.011052432,-0.00010135615,17.844215,28.4001,29.518482,90.88549,404.2136,25.19052,101.65509,47.62545,36.45044,-0.020208372,32.012276,56.933784,7.2662764,0.00026431496,0.010415914,-0.023499502,-0.00012335788,0.65415514,60.748333,38.2469,2.955473,20.361979,7.329601,8.917916,12.278357,0.2678411,83.50191,2.3264108,156.64368
9.793009,0.9525093,7.412345,88.4797,4.2325616,235.1081,91.35921,53.884106,16.933113,303.82043,0.98540187,0.855423,0.011971753,0.00019865927,-0.00022185103,-0.0023238596,65.94344,-0.000959967,0.0013701488,-0.011052432,-0.00010135615,18.855444,28.404087,29.502327,91.02265,405.61728,25.157114,103.602455,49.53364,36.91156,-0.020208377,32.02523,57.351578,7.265863,0.00026431496,0.010415909,-0.023500139,-0.00012335788,0.65415514,60.75373,38.404896,2.9553251,20.397758,7.3298607,8.9202175,12.277755,0.2674979,83.343506,2.3295982,156.86159
9.919227,0.9525106,7.405294,76.0,4.312165,235.39119,90.83651,64.2,18.0,93.0,0.98540187,1.0,0.011971753,0.00019865927,-0.00022185105,-0.0023238626,68.358246,-0.000959967,0.0013701488,-0.011052432,-0.00010135615,19.92618,28.0,41.0,38.2,100.76,21.0,115.0,79.0,58.0,-0.02020838,32.00928,57.529568,7.264103,0.00026431496,0.010415904,-0.023500351,-0.00012335788,0.6,50.0,35.0,3.0,13.5,8.4,7.5,10.0,1.5,82.968315,2.3116403,157.14474
9.976047,0.95251167,7.4077845,89.4213,4.3871264,235.61037,91.04573,54.685528,17.696745,308.83832,0.98540187,0.85543215,0.011971753,0.00019865927,-0.00022185105,-0.0023238629,69.10251,-0.000959967,0.0013701488,-0.011052432,-0.00010135615,19.3038,28.415445,29.495861,91.322426,409.38617,25.136694,102.66952,49.67619,37.657772,-0.020208377,31.993752,57.808777,7.2640004,0.00026431496,0.010415906,-0.023500027,-0.00012335788,0.65415514,60.756096,38.798725,2.955311,20.392706,7.3324037,8.926591,12.266301,0.26661488,82.77969,2.2987754,157.5654
9.979711,0.952513,7.4123178,79.0,4.404447,235.36249,91.47967,54.6748,17.0,96.0,0.98540187,1.0,0.011971753,0.00019865927,-0.00022185105,-0.00232386,69.42098,-0.000959967,0.0013701488,-0.011052432,-0.00010135615,21.0,28.0,42.0,38.1,100.58,21.0,122.0,83.0,61.0,-0.020208374,31.99312,58.08326,7.2634454,0.00026431496,0.0104159,-0.023499938,-0.00012335788,0.65415514,60.78418,39.053608,2.95543,20.4018,7.3312845,8.92687,12.26824,0.26648462,82.5123,2.2955043,157.89015
9.912996,0.9525143,7.4163985,90.692505,4.2737856,235.47928,91.33997,54.72641,16.709938,310.4254,0.98540187,0.855431,0.011971753,0.00019865927,-0.00022185105,-0.0023238636,68.476746,-0.000959967,0.0013701488,-0.011052432,-0.00010135615,18.147516,28.41544,29.513168,91.579216,412.7013,25.165491,103.29035,52.89184,38.741905,-0.020208372,31.998075,58.531883,7.263168,0.00026431496,0.010415902,-0.02349986,-0.00012335788,0.65415514,60.796158,39.25601,2.9556623,20.385708,7.3303714,8.930574,12.269084,0.26627037,82.14284,2.2927358,158.30461
10.097753,0.9525167,7.4552884,85.0,4.175261,236.8287,91.63685,54.281273,16.0,97.0,0.98540187,1.0,0.011971754,0.00019865927,-0.00022185105,-0.0023238657,68.09764,-0.000959967,0.0013701488,-0.011052432,-0.00010135615,19.0,29.0,43.0,38.1,100.58,22.0,129.0,89.0,65.0,-0.02020838,31.980581,59.0918,7.264283,0.00026431496,0.01041587,-0.02349977,-0.00012335788,0.65415514,60.781357,39.430607,2.9557526,20.373394,7.329609,8.971836,12.2458105,0.26640433,82.58327,2.279925,158.65346
10.1995945,0.9525175,7.458668,90.06954,4.0758333,236.90984,91.64421,54.39001,15.114365,317.4298,0.98540187,0.8554442,0.011971754,0.00019865927,-0.00022185105,-0.0023238668,68.88905,-0.000959967,0.0013701488,-0.011052432,-0.00010135615,18.738857,28.417208,29.519535,91.875015,415.92972,25.210627,101.11993,48.160378,39.326454,-0.020208381,31.989668,59.267773,7.2642794,0.00026431496,0.010415874,-0.023499995,-0.00012335788,0.65415514,60.791824,39.593994,2.9557948,20.364595,7.329317,8.9752035,12.247009,0.26650006,82.972145,2.2705014,159.15659
10.224144,1.0,6.0,89.6481,4.0,236.96272,91.65808,54.545006,13.369008,318.47427,1.0,0.8554457,0.011971754,0.00019865927,-0.00022185105,-0.002323868,69.35062,-0.000959967,0.0013701488,-0.011052432,-0.00010135615,18.450912,28.419369,29.49657,91.99729,417.68732,25.237242,97.93595,47.923187,39.663948,-0.02020838,32.009445,59.224796,7.263203,0.00026431496,0.010415894,-0.023499886,-0.00012335788,0.65415514,60.78357,39.791065,2.9558384,20.348795,7.3285766,8.974735,12.23408,0.26657474,83.04115,2.267679,159.40865
10.118413,0.9525176,7.4676113,89.73505,3.8795936,237.26045,91.479294,54.619617,9.816069,319.29816,0.98540187,0.85544735,0.011971754,0.00019865927,-0.00022185105,-0.0023238661,69.15411,-0.000959967,0.0013701488,-0.011052432,-0.00010135615,17.970036,28.424463,29.450968,92.16042,419.05603,25.24958,96.175644,48.371513,39.56026,-0.02020838,32.02842,58.940052,7.264618,0.00026431496,0.010415896,-0.0234998,-0.00012335788,0.65415514,60.768024,39.86835,2.9557123,20.337986,7.328271,8.978275,12.231206,0.26675814,83.20194,2.266513,159.74657
10.263448,0.9525198,7.4641156,71.0,3.8204534,236.78314,91.46958,64.2,10.0,96.0,0.98540187,1.0,0.011971754,0.00019865927,-0.00022185105,-0.0023238675,68.36606,-0.000959967,0.0013701488,-0.011052432,-0.00010135615,21.0,25.0,37.0,38.2,100.76,18.0,100.0,70.0,52.0,-0.02020838,32.04562,58.403545,7.2648067,0.00026431496,0.010415916,-0.023500137,-0.00012335788,0.65415514,60.769005,39.911827,2.9558542,20.308664,7.3278265,8.979243,12.206275,0.26700017,83.39225,2.2654798,160.08104
10.293863,0.9525213,7.468316,89.999535,3.7643585,236.4191,91.66937,54.914894,10.548613,324.03735,0.98540187,0.85546005,0.011971754,0.00019865927,-0.00022185105,-0.0023238673,68.16299,-0.000959967,0.0013701488,-0.011052432,-0.00010135615,16.956919,28.431875,29.35131,92.53338,421.48926,25.264809,90.79747,49.85107,38.82078,-0.02020838,32.044453,57.90381,7.26406,0.00026431496,0.0104159145,-0.023499852,-0.00012335788,0.65415514,60.7698,39.881214,2.955894,20.319096,7.3240438,8.980738,12.209751,0.2673305,83.48335,2.2638054,160.50981
10.286402,0.95252335,7.475995,90.23117,3.8367877,236.79826,91.6693,54.806316,10.702669,96.0,0.98540187,0.85545826,0.011971754,0.00019865927,-0.00022185102,-0.0023238645,68.571266,-0.000959967,0.0013701487,-0.011052432,-0.00010135615,16.723951,28.430628,29.313957,92.67654,422.15338,25.2735,87.64997,50.658085,38.2991,-0.02020838,32.047897,57.889336,7.2649245,0.00026431496,0.010415916,-0.023499819,-0.00012335788,0.6,50.0,35.0,3.0,13.0,10.1,7.5,12.0,1.5,83.49772,2.268443,160.84259
10.243732,0.95252454,7.4815817,90.30405,4.0724936,236.64728,91.654205,54.769928,10.05932,325.61612,0.98540187,0.8554582,0.011971754,0.00019865927,-0.00022185103,-0.002323868,68.860504,-0.000959967,0.0013701488,-0.011052432,-0.00010135615,16.632996,28.43594,29.222424,92.8663,423.42978,25.273092,87.73978,51.938538,37.634792,-0.02020838,32.054478,57.744713,7.2644033,0.00026431496,0.010415915,-0.023500025,-0.00012335788,0.65415514,60.772274,39.85881,2.9553587,20.315508,7.3263655,8.984389,12.204351,0.26731014,83.4985,2.269425,161.29176
