9.819157290837772223e+00,9.424892025827247277e-01,-4.842923695757010094e+00,3.292361801657725628e+00,8.065949835628703823e+00,2.440679054602252762e+00,4.107009496114865321e+00,4.906574215190223853e+00,-6.133678192113384275e-01,3.159141579849908954e+00,7.474951493199658792e+00,9.902800831770099066e+00,2.149184335453007577e+00,-4.318779237950043814e+00,1.285652592313210496e+00,6.403911249366662339e+00,2.912748681311944754e+00,-3.351258239177945963e+00,9.892447480906332302e-01,4.480535235511014847e+00,1.176791071596090710e+01,-1.308490383051833517e+00,5.452708832488998958e+00,1.448399280134890499e-02,1.529934372583239055e+00,5.460908098225029761e+00,1.100939122106165868e+01,-2.178390008468509276e+00,-1.180112901876302578e+00,8.331240361033570352e+00,6.230083150151449756e-01,-1.873366297653236145e-01,4.237485484870252561e-01,9.586947287198675838e+00,9.376829769964848182e+00,-5.312892423917435991e+00,2.831711586242070755e+00,2.872415745387988384e-01,4.144359625126892155e+00,6.211376095442073808e-01,1.407472591753473390e+00,9.358270637085944088e+00,7.902587252321866984e+00,-5.880272739975302976e+00,5.334854156870301622e+00,9.769627582762447915e+00,-1.162896213326155115e+00,2.426417269916036012e+00,2.339325927124125570e+00,4.326797530027250538e+00
6.311325424214127011e+00,-5.490286606302717587e+00,-1.699455128364314449e+00,1.766456727010348726e-01,9.361231026216620066e+00,5.067539226377212103e+00,2.914774707980061219e+00,3.909296583327920072e+00,4.275223278265394278e-01,3.731011127118506465e+00,1.054704580247850210e+01,4.218181874551333088e+00,-6.352621351131303662e+00,-1.147759906954553433e+00,-7.199092978793282249e-01,7.211599943173568228e+00,1.084301401584964131e+00,-3.313936551511960982e+00,7.524628511677557974e-01,6.216756631335389471e+00,1.109033533557461126e+01,2.392212914236220012e-01,6.409304205340172089e+00,2.327793903506719886e+00,2.157421679494888167e+00,6.993482662329367550e+00,7.037877831370315640e+00,-7.052202461877354445e+00,1.332813044064012353e-01,8.435838235176820632e+00,1.641535250528963541e+00,-3.177135590382558217e-01,1.299187098648965977e+00,1.011534403057369680e+01,2.081930772911044336e+00,-7.259671538257906676e+00,4.985318834129269128e+00,5.739143166522240769e+00,3.443864503090832585e+00,1.117223799304180920e+00,2.303698561781920340e+00,9.945161846052116061e+00,6.658616966557763250e-01,-6.202884931873344776e+00,2.136371753254272754e+00,1.149176258669521467e+01,-6.731696015881775130e-01,4.226021354553374465e+00,5.519843747420265068e+00,6.629054283499542954e+00
-1.358356914780082914e+00,-5.649656957753872888e+00,7.539041913971261666e-01,1.352555711402357197e+00,9.715236307405826111e+00,6.600536375367122233e+00,1.564609142369287886e-01,3.950971104674810608e+00,2.358745467346474278e+00,4.977165695174718074e+00,9.287860230164106667e+00,-5.204230235286939177e+00,-3.830720826449836913e+00,-3.760202462374703236e-01,2.540959535667988711e-02,7.267327413623101862e+00,1.507261529555300184e-01,-2.308393919065275579e+00,2.512760868123672942e-03,6.792714996872910582e+00,1.118153268131686850e+01,8.487653005898896375e-01,6.269839241924731965e+00,4.387484823761717223e+00,3.441039162236385174e+00,7.348343102436979635e+00,-4.879842713692826572e-02,-7.800282138049405845e+00,-2.425090744763657824e+00,7.900328058761564520e+00,2.902711823136706393e+00,-3.693419287927146577e-01,1.996486219991425948e+00,1.014391519945671583e+01,-4.638867209328337182e+00,-4.043939508023282059e+00,3.847510919721796041e-01,8.907901443841257816e+00,2.865300426789806565e+00,7.325675514374657693e-01,3.820027843114967236e+00,8.862548989275758515e+00,-5.561613377134121627e+00,-1.515409662347495301e+00,-3.247919917249420863e+00,1.074173752928589209e+01,5.955078523795354073e+00,3.789484334213979455e+00,7.338930019508732805e+00,5.524665405799652262e+00
-4.236268699942288052e+00,-3.359030109863315516e+00,-5.410851981106008513e-01,2.031348506243869867e+00,1.068838356600760520e+01,4.378027617854272080e+00,-1.983620424245420066e+00,4.473415611176631224e+00,5.571890393177577394e+00,6.192038747980055824e+00,3.205811223967702794e+00,-8.092631868144094298e+00,2.003474447420339644e+00,4.693968566486793059e-01,8.159523601917199054e-01,7.538727951150591799e+00,-5.379441305859128386e-01,-1.017878954347511744e+00,-3.407404789939416090e-01,6.812985659487291734e+00,1.187257578783529688e+01,8.595558230971899194e-01,6.210483122605866768e+00,6.684627448012268935e+00,3.919135650193149800e+00,4.557185451880021887e+00,-4.661892630890154265e+00,-2.862264215055566829e+00,-6.036124222202938761e+00,3.638466511596323727e+00,5.526807279353901592e+00,-6.909584967117925469e-01,2.701563523910007092e+00,9.010307186337476182e+00,-5.771886095046522058e+00,2.845262060376211544e+00,5.875300790949252727e-01,8.956810521669584801e+00,4.063923617856184833e+00,1.951381343815096203e-01,4.649132797908391623e+00,6.275459927326040521e+00,-5.847609244755273217e+00,4.901670983648628521e+00,1.405999531234608746e+00,9.096810004562257745e+00,1.117614414707631987e+01,2.039440569748173449e+00,6.193831221239194385e+00,1.743993797837322335e+00
-3.233807711703015730e+00,-1.299838961549935945e+00,-8.573066878552836334e-01,1.808716957616767429e+00,1.113293928738612948e+01,3.524580892660131859e-01,-2.390268120331883406e+00,3.802613671439436072e+00,9.107006546681938985e+00,2.810288980503167444e+00,-3.325445323080230775e+00,-6.348936172539969114e+00,1.271785422149106948e+00,3.060154944113939290e+00,2.830154627970462133e+00,7.415138579117094508e+00,-1.079751796766588612e+00,4.210861055526533558e-01,5.241389537601722770e-01,7.151442374873639096e+00,1.231763389942777920e+01,6.762564068414299578e-01,6.297469960390939647e+00,8.402778940713131917e+00,1.897283109735327766e+00,1.294240058528910220e+00,-4.377006701701479763e+00,1.967561501289511128e+00,-4.602717408179003655e+00,6.682051956271225501e-01,7.076889085059692164e+00,1.064628708334953267e+00,3.296280775271811958e+00,7.762924344506382468e+00,-2.802376696260367783e+00,5.459373256058785984e+00,7.182676084912599457e+00,7.939980765873298374e+00,1.400704293924095012e+00,-2.332239672092087934e-01,5.047162386779510790e+00,4.631866336649435922e+00,-3.714466087744488387e+00,5.361858531249221294e+00,1.001532570459536409e+01,1.105615202893101134e+01,5.593353669596094591e+00,-9.467620975308799203e-01,6.145664779870434913e+00,1.221355832179490813e-01
-2.148496308237038743e+00,-2.185369528005036144e-01,-1.718943734471625184e-01,2.053241489894359617e+00,1.118310796861027256e+01,-2.238887808537292301e+00,-2.507792939955966194e-01,3.163340149766565190e+00,9.626415362220507532e+00,-2.526620386408569452e+00,-1.908820692024610466e+00,-4.529630759851665189e+00,-1.650962273023740989e+00,3.275321286132415022e+00,5.851647351314706036e+00,5.596787883625619742e+00,-1.950905198367933302e+00,2.085711608472494039e+00,2.610660447335192647e+00,8.787939263810459423e+00,1.142188210958627614e+01,3.932108119457726481e-02,6.095378052112975453e+00,8.454943890779889060e+00,-1.331338445853883723e+00,1.937656094057633949e+00,-2.379479532955458332e+00,4.571593064313389299e+00,-2.005809881392719873e+00,3.246484687899680588e-01,7.428637114117567997e+00,3.997258810865476519e+00,3.887412692580530127e+00,6.840487301161320310e+00,-3.854589402450757096e-01,5.752162665018922816e+00,1.119489898661032790e+01,1.744714196758614166e+00,-2.529023914995328415e+00,7.202992258270435322e-01,5.661454855010697784e+00,3.324132641922505016e+00,-2.885905995473699637e+00,3.235058309897964168e+00,1.528431857306239117e+01,4.209105793139472418e+00,-5.803549188449891538e+00,-3.540102688441339462e-01,6.662719578864361836e+00,-2.123344574852168432e-01
-8.957638885205583268e-01,6.849907270940484016e-01,8.883898545770163580e-01,3.251206793059387756e+00,1.021621791668442825e+01,-2.449959524227356411e+00,2.443375640447213115e+00,4.884205538210967923e+00,7.927220102710528238e+00,-3.909979620950696955e+00,3.565674532777449723e+00,-3.046549402302774379e+00,-1.341757106158998791e+00,2.374482973796171681e+00,7.660248162040749875e+00,2.531434938701058179e+00,-2.186566984449382911e+00,2.799926835403717451e+00,6.204174030605771328e+00,1.130039525696899005e+01,5.954702962441245973e+00,-1.853833216356512992e+00,6.689711472831635142e+00,7.715017445396433970e+00,-2.900501299968461399e+00,4.503207625715060836e+00,1.021236651179092680e+00,5.364589363966040025e+00,-2.364290777077501793e-01,1.001109568555108131e+00,7.907251693608810861e+00,7.017310386473240236e+00,3.385246939769312569e+00,5.428686241756077280e+00,2.032406667897006525e+00,6.630501986540450865e+00,9.245555151312125020e+00,-5.192433026957584907e+00,5.727001143608313471e-01,5.131464573121379269e-01,6.321655881610292127e+00,2.218669482185628539e+00,-2.769927996815201965e+00,4.615620514699103616e-01,1.516753343179433422e+01,-4.648159446121374216e+00,-1.526269683846884551e+00,-2.584549971321966400e+00,6.149496782369800130e+00,6.651927228429566075e-01
-8.379603197423226568e-01,1.562369006583954834e+00,2.520471562993675363e+00,5.131762781616122204e+00,8.222462818389994155e+00,-2.336007906166948089e+00,3.680786161194085526e+00,8.003357036818442793e+00,3.789364626847758544e+00,-3.385274238751226683e+00,6.839189182906889819e+00,-8.118351234557248663e-02,1.432555620115495143e-01,2.661619625423266911e+00,8.513905345674023906e+00,-1.074071941432761662e-01,-1.949704015529365675e+00,1.932839354647552410e+00,9.697523995224294424e+00,9.535298061052040808e+00,-4.275125130798737239e+00,-1.267905448473266583e+00,5.811871517030359868e+00,7.552314886769253555e+00,-2.211505770765354928e+00,6.227721501716015240e+00,6.051514973237965833e+00,3.927392916529387268e+00,-1.561492295055468826e-01,1.760946101594785818e+00,9.308226655451223408e+00,8.250778106378881205e+00,1.429059433593269368e+00,4.583900046026990083e+00,4.898387399310538903e+00,7.112329799992383350e+00,2.580033539383697949e+00,-6.389555857832052155e+00,3.734604981255632783e+00,4.711335556980867700e+00,6.119840097759988495e+00,8.682172075352616314e-02,-2.195858169323101627e+00,-1.921336375138595454e+00,1.458015513736351565e+01,9.821942409517103734e-01,4.478331447671032528e+00,2.714243086090428747e-01,6.495975619746408469e+00,2.082986173753903714e+00
-5.607969722179136918e-01,2.440491463198255939e+00,4.486803514717069952e+00,7.135186385852577473e+00,5.110511302864147787e+00,-2.689763792543239607e+00,3.857440087217906211e+00,9.355459533415903195e+00,-1.304360021854856111e+00,-2.230059506943081526e+00,7.099063566255537694e+00,3.262361127241827141e+00,5.731241466728617118e-01,3.607457312776297886e+00,7.892240448287111576e+00,-2.346871443983824079e+00,8.801838883148960235e-02,1.772035737437297698e+00,1.076019485540144949e+01,5.163234878402864769e-01,-8.292036166429941346e+00,-6.977369904390966493e-01,5.689916750435742188e+00,7.420410069001558639e+00,-2.635337946783736784e-01,6.756855493536694013e+00,8.100716661380728212e+00,-3.367887856245331268e-01,-1.364207483932072251e-01,2.151202502854920873e+00,1.049574995825946644e+01,6.535372761964647559e+00,-1.385159901440289554e+00,5.255619475621836401e+00,8.351695858507406811e+00,3.600033522056525825e+00,-3.476477141392015024e+00,-4.703116157416451948e+00,5.671137047357093230e-01,7.681901014661853822e+00,3.963486107679688786e+00,-2.779213497898792351e+00,2.566282462859163505e-01,-2.656100592479502698e+00,1.249867459084944521e+01,8.038621495516192539e+00,-1.243923589527278883e+00,2.018814212798019980e+00,7.034557202908640505e+00,1.497340746782847676e+00
9.097635911638660144e-03,2.858299504286639703e+00,7.157285798807414778e+00,7.238782623887585643e+00,-5.198378741624758437e-01,-2.191185574642802170e+00,2.914862704747993138e+00,9.355317190140931771e+00,-4.533417752024837100e+00,-9.947263306374387604e-02,6.448273654194096594e+00,4.789506747236269568e+00,3.717589936086435620e-01,4.466869249107086048e+00,6.771119988870681894e+00,-3.101880245048382001e+00,2.368080149623731145e+00,4.274663004763355367e+00,9.039138302028476346e+00,-7.217643000564702760e+00,-1.876483298077023631e+00,-4.171220762949092276e+00,2.553680412988287518e+00,8.912441090157823709e+00,2.440042827224183419e+00,6.947941583959151401e+00,6.330698967294463131e+00,-3.773648282065110937e+00,1.733172012761742264e+00,3.922573643870825411e+00,1.151303172489658344e+01,1.236748782844550254e+00,-2.828423809444923887e+00,4.445759008235000920e+00,9.543083178653718690e+00,-3.216080688713375935e+00,-2.232432612348688394e+00,-2.834898935371329642e+00,-2.449001900263194642e+00,7.284760209501071060e+00,3.022138943606546224e+00,-3.720996926409381178e+00,2.441544995085925596e+00,4.664628891970846181e-01,1.129218572033642687e+01,5.057067720651383880e+00,-6.485311308770334904e+00,2.270102979640960417e+00,8.390680710109009510e+00,6.787598937097776286e-01
4.851203620870594424e-01,3.682667268039144570e+00,8.780764269115087117e+00,2.653256966200479461e+00,-4.038709308506031270e+00,-4.272109367156569637e-01,1.935845037961590798e+00,8.839321296955171547e+00,-4.181026143296639574e+00,1.638611260853156226e+00,7.703156861358824159e+00,5.008300664845731553e+00,2.454845236276019527e-01,4.956858038326587668e+00,5.656516271634836279e+00,-3.007558219193567695e+00,3.279521001858177964e+00,7.333381805685103672e+00,2.944885476733132723e+00,-7.457516793616139950e+00,5.815239045824224462e+00,-2.139727378319117856e-01,1.256051704143085868e+00,1.006747468432586246e+01,6.950635650813411281e+00,4.264829405660463202e+00,1.658413333376485665e+00,-4.043147122228814894e+00,1.774744092765055958e+00,7.377684630428765544e+00,8.756813284575573064e+00,-5.398826267321148897e+00,-7.863124901908924436e-02,3.014140056605241647e+00,8.939970219274176344e+00,-4.693682760869255510e+00,3.575474713668548521e+00,-1.264035165097775248e+00,-2.638158230824397599e+00,5.947109401826403463e+00,3.116536538092931519e+00,-3.438326309277343285e+00,3.179170864216706249e+00,5.333697157333382677e+00,1.009548112016358701e+01,-4.599278981348104978e+00,-5.050440025652252807e+00,-2.378246058093850923e+00,8.882466633405591949e+00,1.401909532679327386e+00
3.018686509797036677e-01,4.680793303554859008e+00,8.464582501962171435e+00,-3.402375586173860711e+00,-2.295460382645864161e+00,-2.660190692023488568e-01,2.508661372906361375e+00,8.098950415082134313e+00,-2.903582106721576572e+00,2.341009657234117025e+00,9.582871025880834281e+00,3.851505847561912610e+00,-7.912466163399059504e-02,5.451412408706692858e+00,4.610569591217603680e+00,-2.816158053189678601e+00,2.867810291747357354e+00,8.380569238484810057e+00,-3.888509445233450101e+00,-5.674660266840015233e+00,4.453070956754461740e+00,5.607948143211689107e+00,3.454926295633271138e+00,1.080738085983641739e+01,6.222980084909532472e+00,-1.948202124083220355e+00,1.313991588887402751e+00,-2.564272759795731993e+00,1.025895768981953393e-01,8.667210459011066348e+00,2.892169565599277625e+00,-7.641356737090426066e+00,1.647839123170102615e+00,5.782600791427133125e+00,6.907786941300022576e+00,-1.943054403619437043e+00,6.820055037193133884e+00,3.096726218195366420e-01,-1.296670596520649754e+00,5.951464789503856601e+00,3.054349597570417352e+00,-2.941754758687807225e+00,2.418845153631512535e+00,8.809507916316729137e+00,2.502569736906833597e+00,-8.420073407052298009e+00,2.991347364171694778e+00,-1.904281629930014264e+00,7.761521029544112160e+00,4.960425777638162614e+00
-3.386416481051561789e-01,5.287578013307364877e+00,6.214538799793461799e+00,-5.589016499400515592e+00,2.335686113005112752e+00,9.026897456949347642e-01,3.215498382241004816e+00,7.616883040901079482e+00,-2.053232843933944007e+00,2.756555623461516280e+00,1.069245491392421421e+01,1.488340278308078357e+00,-4.818304287569641353e-01,5.648863477043266634e+00,3.511528483402125644e+00,-2.619320488604184316e+00,2.877752433856191505e+00,7.620365435556371025e+00,-7.475911919951655271e+00,-6.870407593156935278e-01,9.543020386201103156e-01,8.042169821871567592e+00,9.307666104357929626e+00,7.195324051388586106e+00,-2.153313834830273610e+00,-2.867438893433393865e+00,3.081922077504231527e+00,-6.321357544919787852e-01,1.204111203494906135e-01,8.729385944570791978e+00,-2.477564081244097771e+00,-5.771851688881430853e+00,-1.904007659156960131e+00,6.205735912703706170e+00,6.756833314028161119e+00,-3.134083969372596368e-01,7.823275456168194530e+00,1.365246374794799156e+00,-2.009591845954627198e-01,5.926964178008680584e+00,2.596906118711524769e+00,-2.818115260987914539e+00,1.704585099137761128e+00,9.094314876573129425e+00,-5.081179697741959878e+00,-5.944838394724071051e+00,1.706411643200677508e+00,3.973647388779515399e+00,8.236877080390634376e+00,4.611540072935180312e+00
8.111140213380711728e-02,5.791086332306294437e+00,3.739426367683596819e+00,-5.111945971246472098e+00,4.288585489200619882e+00,4.852930456494146227e+00,4.421148041833784070e+00,6.206457535170625484e+00,-1.530632506243706281e+00,2.786969998894590184e+00,1.115602353958309401e+01,-6.236441038789649616e-01,4.606339805890417027e-01,6.254505620297757140e+00,2.842222726744561889e+00,-2.678805517636115407e+00,2.325821102769941806e+00,6.602671548868896956e+00,-6.114106529295803227e+00,3.508741996186938383e+00,4.379561122464119549e+00,9.676769870412853081e+00,8.639934105523948915e+00,-4.447415255604553863e+00,-2.501863325338216981e+00,-2.391083887471129543e+00,2.928033929167076277e+00,1.144628901712784863e+00,1.223791221354268988e+00,8.765712571812299458e+00,-4.425651375122102493e+00,-1.719583999066603142e-01,-3.275336445919304396e+00,3.591315849008028138e+00,9.004215096922511208e+00,2.800385640330991688e+00,7.179361417748554963e+00,1.358530577431058095e+00,2.491820538999866552e-01,6.403695402987882090e+00,1.570504466638583008e+00,-2.614013449057857486e+00,6.462031616500113484e-01,8.992926033512997464e+00,-6.584180766048552513e+00,9.585218652551810159e-01,-3.162103016454455295e-02,5.102849769921022904e+00,9.595849730691311308e+00,7.982008323517609805e-01
1.231241665021834963e+00,6.120272714556302063e+00,1.501252947825812756e+00,-4.291489039050974341e+00,2.684463816604051534e+00,8.820737908276264250e+00,5.507394060539914094e+00,2.365624481416268132e+00,-1.549528403578654956e+00,2.190554408470484660e+00,1.143721710982720197e+01,-1.190676560754802438e+00,1.975282236216193477e+00,6.893022634525654446e+00,1.339831309299357898e+00,-2.219388777152207837e+00,2.170095052387222001e+00,6.572951878819214500e+00,-3.558545833132775282e+00,3.761493140173539640e+00,1.041666601849849982e+01,7.817840629568005184e+00,-4.250013554915208047e+00,-5.732189488601417082e+00,1.177908860494571996e+00,-1.003336870868931641e+00,3.538999110085834232e+00,3.203599609459462094e+00,2.916167554642957072e+00,7.417552612721945771e+00,-2.606501767767734012e+00,4.396108801931220000e+00,-5.512156766311712142e-01,2.797454438698384838e+00,1.080237358756140686e+01,5.995266581915251969e+00,3.402390190632037292e+00,1.614459845846187291e-01,1.455718185530360698e+00,6.788698074106515712e+00,3.804275841573576677e-01,-2.074291181969780684e+00,-3.276694315190889495e-01,9.009320018099510108e+00,-2.194595547319790896e+00,5.051320512459764878e+00,4.408335304687365230e+00,6.361758298110416376e+00,7.572988192559382270e+00,-2.949432015847600841e+00
1.290410418408574289e+00,7.212334290473369158e+00,-1.011897114434016309e+00,-2.873216218281650747e+00,1.198201198821804703e-01,1.026277944192479197e+01,4.290103699909567858e+00,-2.364351520442711685e+00,-4.107421758141793777e-01,1.983200174923163361e+00,1.130553203200871693e+01,3.108365185307734868e-01,2.631949919417360118e+00,7.516894602700039840e+00,-7.642955394723515150e-01,-1.183015540741122251e+00,1.810897136931322482e+00,6.649596427195330506e+00,-1.196540692321256927e+00,3.216691509582951358e+00,1.202084688109622590e+01,-3.662104186817280560e+00,-6.268286904012323468e+00,-3.064182086922489834e+00,-4.860666724824534990e-01,4.520254955668951968e-01,3.787667177531277130e+00,5.367445058271901992e+00,4.925784068108218783e+00,5.611180118902878711e+00,-5.960858912511372010e-01,5.845371840650947171e+00,2.826445199591237412e+00,4.239421179702463682e+00,1.190284733555925811e+01,3.180309083201700027e+00,-1.651191233868075425e+00,6.668741372641624476e-01,2.409422686556670357e+00,7.085162006055198525e+00,-8.904286541449608627e-01,-6.072351153018407111e-01,-6.170279056078322721e-01,8.837216553496615390e+00,4.010923879814163762e+00,5.462141478412989137e+00,7.888650965247969715e+00,5.990961374148669805e+00,1.556454744272959267e+00,-3.807201260855783698e+00
-3.718849833026543483e-01,7.628964694045813566e+00,-1.387670946395504146e+00,-3.376883322376306173e-01,-7.469457502617280475e-01,1.004879166006145752e+01,1.889611494707513106e+00,-4.192346504041393196e+00,9.048234865314361830e-01,2.961751236280983690e+00,1.136364647316434251e+01,1.720393099874713227e+00,2.956154078381498351e+00,6.836878759728152843e+00,-2.079038490501032399e+00,5.945538736001521052e-01,2.412382506428623063e+00,7.051972363283805834e+00,1.016689516976506003e+00,3.890268656859243279e+00,9.703112688416830167e+00,-7.598985324894099946e+00,4.105322829057260314e+00,-2.350223700858649956e+00,-1.093146316712481358e-01,6.145932165203100705e-01,4.813802203279937686e+00,7.517873970656945737e+00,5.259339250335456128e+00,2.753283715653239483e+00,6.360590056359912703e-01,6.406007173384320907e+00,6.665981826297740831e+00,6.904853203970091613e+00,8.653793920095765202e+00,-3.592711447658189616e+00,-4.249224758788749945e-01,1.209078795590197153e+00,4.080155590514239705e+00,6.498451071245765931e+00,-1.637113458736335403e+00,1.133336003764299882e+00,5.898536412744656010e-01,8.844549677282911304e+00,9.238274101092478929e+00,5.124881173822660507e+00,6.670857735861106974e+00,1.922081292428218680e+00,-2.081969015329485639e+00,-2.448833365814027996e+00
-8.639567884359493632e-01,7.715407800733810717e+00,6.342998331994796901e-01,1.054196343841515393e+00,8.469762915464905673e-01,9.979010765736491706e+00,-7.570292483479030832e-01,-3.293281133327694565e+00,4.242616722639176441e-01,4.803358096067821492e+00,1.159549475125906071e+01,1.271328287485343767e+00,2.688559346567769737e+00,6.150776043365415724e+00,-1.775656772569342179e+00,1.986980737860286172e+00,4.318803004430925796e+00,7.337094732447638989e+00,2.199317815361359507e+00,4.509052724116412669e+00,6.781459776960886643e+00,-3.412326377923597498e+00,9.036091333713558882e+00,3.032776624353570316e+00,3.308985298267732023e-01,1.999980372039256160e+00,6.274050509519749852e+00,9.290475854751649720e+00,2.268005980692984203e+00,5.865513256512985274e-01,1.833563718004216136e+00,7.701754323639002919e+00,1.052237857525843978e+01,5.059859861497775668e+00,4.727175969257481625e-01,-4.908113596653676858e+00,1.531553086676254338e+00,3.093869017057934379e+00,5.397095772296976790e+00,4.913995324362352868e+00,-2.189066899757516005e+00,2.647050567224101592e+00,3.780486459250447684e+00,1.069802813010807618e+01,1.033061234647130888e+01,1.121930717235531949e+00,4.109513652902108127e+00,-4.717789409574807413e-02,-1.608706081300766089e+00,-9.830084967215917402e-01
2.060742576770857593e-02,7.801897156069201422e+00,2.731694895284700220e+00,9.014081049595663586e-01,2.328450783407166824e+00,9.514596048451503307e+00,-3.081022132654266166e+00,-1.486299252303480145e-01,2.433133608262817993e-01,5.467968802405102302e+00,1.159185149520530445e+01,-2.374547899113323979e-01,3.243390296931437433e+00,6.185946252853325333e+00,-9.720800747847974099e-01,2.965954358151489778e+00,7.145676867983030256e+00,7.632563300244157745e+00,2.245511659648780523e+00,4.666112095631947732e+00,5.490719220116808685e+00,8.485888262822184336e-01,9.425904262800083089e+00,4.425528165741709152e+00,-1.312562539253290694e+00,2.455670191400528779e+00,8.782212454912887267e+00,7.505241807678819654e+00,-2.729656294236925795e+00,1.526268647292956526e+00,3.304571812590062496e+00,1.033847618712802330e+01,8.377953328354287521e+00,-3.998881472359685940e+00,6.021941202820301209e-01,-3.542840503420696674e+00,6.595656877733462320e-01,4.898365663294482530e+00,6.733840461400687261e+00,1.712843766700723691e+00,-1.872859588026148492e+00,3.050867499659665860e+00,8.280711198465377620e+00,1.254603210050210826e+01,1.248658538559877407e+00,-3.074492812063470026e+00,5.114124398756207945e+00,1.481482484055705040e+00,-6.907376662241462295e-01,3.052421646356640039e-01
1.554600891743571189e+00,8.248921510817336156e+00,3.298432341821917468e+00,4.681296843778277594e-01,3.502091573215947218e+00,8.355430218639147810e+00,-2.813349712549926718e+00,3.305659291223173035e+00,2.590130915985234150e+00,6.753539971504956441e+00,1.035041680416798648e+01,-1.578162275030148942e+00,4.304553545260604963e+00,6.723794004697897897e+00,-3.018486116128329955e-01,3.586498750494735432e+00,9.711576760185447910e+00,6.438800572431195413e+00,3.910824087677372551e-01,4.981143612387861630e+00,6.402721401180416549e+00,3.899311086927424341e+00,8.749087887485899273e+00,1.062748791644897217e+00,-2.266952984015224715e+00,1.996764310657019204e+00,1.038041943179405457e+01,1.821148033338331640e+00,-4.602392917787105020e+00,1.991022433341816722e+00,6.934878472650186865e+00,1.047367911602491652e+01,-2.409314431672652912e+00,-5.293504187287749296e+00,4.248324500342183896e+00,-4.300163144658951664e-01,1.065230355464433565e+00,5.785898500612107753e+00,6.793280895823135879e+00,-1.968608998090331408e+00,-7.776667573248645660e-01,1.939583012166315124e+00,1.120903670931463303e+01,5.292443542626030784e+00,-8.735821787205226840e+00,-2.856547411872270015e-01,4.988782351576405816e+00,2.670703565976334737e+00,-5.100466014372635470e-01,1.346339498078829466e+00
3.810984981501756685e+00,8.399843670375242155e+00,1.778685069818820574e+00,-3.821398213010672451e-02,3.917614832604044750e+00,7.862503415362909642e+00,-1.324502853606233987e+00,4.525860203783839353e+00,7.275134509797610782e+00,8.587118620014731363e+00,4.894219438489352925e+00,-2.941296077228146455e+00,5.157178633969789594e+00,7.976643103885460384e+00,1.387839291135115061e-01,4.098613011184952803e+00,1.112442861763378943e+01,2.700668491932047832e+00,-8.319745694397460145e-01,5.294018375386851716e+00,9.382392017887582369e+00,5.903265570214432323e+00,4.517428104788932863e+00,-2.661338727877580190e+00,-6.878134197833136732e-01,8.900273485082446090e-01,1.041203830709028644e+01,-2.406702235145340651e+00,-2.704183808069124950e+00,-4.413637818366483723e-01,8.387288227850490330e+00,4.315965348691080727e+00,-9.631642380971273454e+00,-1.324674344214865185e+00,2.605184812464108379e+00,2.005345279183498697e+00,2.111596794819545320e+00,6.587964971568391448e+00,4.361744444216318684e+00,-4.069550850688380628e+00,1.157497414068819452e+00,3.270780587813623796e+00,1.083766207307675167e+01,-6.104623761362706347e+00,-5.887886832176598695e+00,-3.356653429250716858e+00,4.038893792302978625e+00,3.809270429658472956e+00,-2.402728673781897584e-01,2.078222336610263898e+00
6.225499822547610584e+00,7.369736610153399425e+00,-1.022574812883571660e+00,9.511436267534217892e-01,4.913497520059437740e+00,7.466290799989700133e+00,-2.484023908767001576e-01,4.741421647145244833e+00,1.119083102081656911e+01,4.772124447358466526e+00,-2.790295918851721790e+00,-1.810598971840271298e+00,3.625227137665703925e+00,9.335974752654006892e+00,9.543533334256318890e-01,4.726797279372544125e+00,1.102314149261517251e+01,-2.198501035546386984e+00,1.530876620967285828e-01,5.078138915470609582e+00,1.207003015088130304e+01,2.259503484251082828e+00,-6.721359097086478940e-01,-2.270430019328465665e+00,4.321491309119908086e-01,1.749084968137314178e+00,9.920952752216651405e+00,-3.003838180393771484e+00,1.811634052165159936e+00,1.899108248781662955e-01,8.234111263859496432e+00,-2.150486850010012052e+00,-8.530804443040791440e+00,-1.462046449840181062e+00,2.422114660038145573e+00,3.676509036532164654e+00,4.144352606253001170e+00,6.573951792217774148e+00,1.076718686554302695e-01,-3.837242344115945780e+00,1.141027933202105604e+00,5.521253102166022053e+00,6.616854078628217728e+00,-8.376704656072138988e+00,5.355826796330851458e+00,-1.892258715088477095e+00,2.882167669083904649e+00,5.356844049513509454e+00,4.269608293561427681e-01,2.903189350259137491e+00
8.273713402034607256e+00,3.592804500068758955e+00,-3.496623320376852195e+00,1.614670252583988663e+00,6.690194491996416915e+00,7.121545931854726952e+00,5.290070493771567017e-01,5.583021296033938263e+00,1.081230064755994924e+01,-3.996286368974582892e+00,-1.930601564392384617e+00,-1.466539479069748575e+00,2.202524430074732198e+00,1.065641262994434157e+01,4.063507935438658514e+00,5.001538085887869300e+00,7.941071659157847407e+00,-4.531450834608792277e+00,2.189965978727133056e+00,7.484786577207279024e+00,1.029182119416682717e+01,-4.050456413025164792e+00,1.541052542348701593e+00,-1.024529287406592992e+00,8.474827359879040234e-01,3.124721826839869987e+00,9.357730061731949434e+00,-1.177057204329177376e+00,4.228517595321373612e+00,4.025272882739304947e+00,6.701792411691943840e+00,-6.980049978258168863e+00,-1.846356133788593645e+00,-3.504781514403161324e+00,4.184840098562805366e-01,5.414042549545996508e+00,6.404687345936353360e+00,3.461618018738929159e+00,-3.464342429699492687e+00,-1.633083297325371719e+00,-2.058245631910371465e-01,6.369981089615983194e+00,2.477283141109341891e+00,-6.101258861844232051e+00,7.651332039038529764e+00,6.444576664567987834e+00,2.954626402565890597e+00,5.462507072638865147e+00,1.407277002278351619e+00,3.658385605434312460e+00
7.711943260678214784e+00,-1.848020048468661525e+00,-2.724410455603985426e+00,3.749926464962847761e-01,8.194016372106206703e+00,6.969548924178422311e+00,2.877692421898537800e-01,6.186715239897833563e+00,7.176503718727359704e+00,-6.522399612901804922e+00,4.839223249389354997e+00,1.087063282688653265e+00,2.063037960134986637e+00,1.177506373775546855e+01,6.867822916227773078e+00,2.439609774597765846e+00,4.059630256855174757e+00,-4.300555166612348046e+00,1.505119443016522007e+00,1.017321370666524949e+01,3.568598811388343783e+00,-6.239366180668089790e+00,5.426145198790532476e+00,2.728496057772854755e+00,1.852771719061714339e+00,4.935084865884816985e+00,8.959816435900119558e+00,3.557482988402780322e-01,4.920103903949756941e+00,6.341708569306470089e+00,8.502946275048812730e-01,-6.934953660153696298e+00,3.829950599829882840e+00,-1.130874893707029871e+00,3.283976936672931002e-01,5.737411539886333678e+00,6.944540187050827207e+00,-1.647219544881759923e+00,-2.682834031984267842e+00,-2.318623708721356813e-02,2.854212103974992365e-01,6.748681623994959189e+00,2.315446832107393160e-01,-4.772471350146759050e+00,3.526929617127580574e+00,1.126484481792249426e+01,2.928216449816919642e+00,3.853139393544954050e+00,2.726747599856019111e+00,5.053315947957072396e+00
4.060847573909954988e+00,-4.731337015706178484e+00,6.631832603284528727e-01,2.030827865501560470e-01,8.181170698211403192e+00,7.355394871504296717e+00,4.292089409220341267e-02,6.358517965579043363e+00,3.611812703163718385e+00,-5.361468558368777337e+00,6.148918938092929665e+00,7.180054247982597282e+00,5.151562951240953758e+00,1.195758815579830880e+01,3.709929754065032004e+00,-1.245435221136659720e+00,4.513958267747143260e+00,-2.863277360274370409e+00,-6.386692908414061398e-02,1.059203121498921263e+01,-2.048394929233851247e+00,-4.623054289198857525e+00,3.540172070818715877e+00,6.975225324101201885e+00,2.931863060187250181e+00,6.163779881828756579e+00,8.161340367230810244e+00,6.383553157433954350e-01,5.284330608027335785e+00,5.418050612093699314e+00,-4.811525641503926920e+00,-4.677598359181717846e+00,2.920802903676973372e+00,2.247750514131637178e+00,1.341846775035915984e+00,6.687230502898465545e+00,4.810424749203417782e+00,-5.097727784412640517e+00,5.433717265470092705e-01,5.149706205273207882e-01,1.127345691668558247e+00,6.793205538193288540e+00,-1.707333580340270940e+00,-2.614238465332108241e+00,-3.767037768669308506e-01,1.220399367632124132e+01,5.039063563198491913e+00,1.413206874962205983e+00,4.085068960312822739e+00,6.593966827424738497e+00
-1.644589929395641636e+00,-4.182544256428852414e+00,1.474431237992343435e+00,2.817762390689172669e+00,9.342280818115549224e+00,6.238583915732830221e+00,-3.082817496454394179e-01,6.858605765392765896e+00,1.249410454852316166e+00,-4.267994226205634511e+00,3.195176099258352220e+00,1.295750326657132057e+01,9.277094920435660086e+00,3.776911865596999540e+00,-2.936442968900536687e+00,-7.027002253993840375e-01,5.235189506651208191e+00,-1.134848970478465002e+00,-1.258950320824034352e-01,1.048385084149876789e+01,-3.577277505334757635e+00,-2.125913752440959370e-01,1.245666139641484094e+00,8.939985322017758307e+00,6.862624018655685276e+00,5.960976679895268582e+00,5.844741636098669701e+00,1.164672288180903070e+00,5.360191726871228468e+00,2.477931764827646877e+00,-6.635086577658510620e+00,-2.010710178759495204e+00,8.055716465817911454e-01,3.977387406724371299e+00,3.725435184451888482e+00,6.821441887062547949e+00,3.285513707288199026e-01,-4.769048452363059631e+00,2.088393916309633003e+00,2.538501863147990534e+00,2.503778350299626698e+00,6.323480438531490222e+00,-2.657141511129023304e+00,1.275961284362170378e-01,-1.032516837378709695e+00,1.135055588732776144e+01,6.012108042570010191e+00,-2.139574064999122172e+00,4.336830622602881213e+00,7.488232166434140247e+00
-5.624845186560474275e+00,-1.703846281007140029e-01,8.669468205523511717e-01,4.693928807533515268e+00,1.047587940106687476e+01,2.590997970826284025e+00,-6.094521055760354633e-01,7.372256985147230601e+00,2.741718103098619852e-02,-3.085390288940151660e+00,-7.263321854169116909e-01,1.399619239521448932e+01,4.209766321798742439e+00,-7.041288371008846525e+00,-2.333175374942542124e-04,-9.507360198142237317e-01,5.482170730566618744e+00,3.721523616756314823e-01,7.322954108404798879e-01,1.028333275989621676e+01,-1.327031523697195681e+00,2.726580797575143045e+00,3.476250851792008323e+00,1.036985703133415981e+01,9.274534432662754568e+00,2.088879437046213816e+00,3.481149550357939049e+00,2.341330293181865141e+00,5.213255734736903513e+00,-9.730006887721702746e-01,-5.377507941030175154e+00,-8.433484528109568279e-01,3.636528480359831894e-01,4.916922477423372406e+00,6.472846500001383951e+00,3.609448174905346196e+00,-3.560007966665544643e+00,-2.974822773861779623e+00,1.107423615793685645e+00,4.305796666116939342e+00,4.598674584171552837e+00,4.574323050840138905e+00,-2.770742892858288009e+00,2.448109405245115333e+00,2.224712514365088545e+00,1.088663853788154157e+01,2.944275312083428187e+00,-3.899591669494085977e+00,4.168588611605056116e+00,7.445927229416891002e+00
-5.004320025092112267e+00,3.711326897389775503e+00,3.695950148624839837e+00,6.580783291157699111e+00,9.171328426633669650e+00,-2.478711311227417280e+00,5.111361682504224069e-01,7.676131501641765276e+00,-4.666849078635113002e-01,-1.704225416764325374e+00,-3.122298662568597560e+00,1.316389253191855424e+01,-2.043203253563294464e+00,-6.146592908509847852e+00,1.354691972284406631e+00,1.705466648836213128e+00,5.853049368036882250e+00,1.891097975979546764e+00,2.252307171266144437e+00,1.031084419540544417e+01,1.244592423328024111e+00,3.328556322843600146e+00,7.564505714732417729e+00,1.190901875852401837e+01,2.859069592207870603e+00,-1.957668544787992237e+00,3.896942935809915021e+00,4.749026095872440401e+00,3.680842876267594654e+00,-3.335976941969280407e+00,-2.985682973558198228e+00,-7.736406634139232352e-01,7.732114297411706305e-01,5.558884510940134582e+00,7.105595033471748145e+00,-1.736629741402115679e+00,-3.163108371950475117e+00,-1.469727337053720273e+00,2.129114076870963213e-01,5.305170633706790539e+00,6.316308821853229283e+00,1.080449666216655835e+00,-2.066179007055157779e+00,2.904607873842336652e+00,6.526641988285735607e+00,9.260744983707379419e+00,-4.280140265519539966e+00,-2.043517952202206001e+00,2.282090104543421649e+00,7.222659620171504535e+00
-2.012773920745427159e+00,4.573481612758824255e+00,8.849681633441205619e+00,7.459703925587476192e+00,1.853998150242758713e+00,-4.973145853314974829e+00,6.319777459398083774e-01,8.172232941993758715e+00,-6.226896370490878629e-01,3.189298398546814850e-01,-2.980996118871379608e+00,1.350929243858392859e+01,-2.187591855409356967e+00,-1.671069770577609637e+00,3.628597149875250616e-01,3.071726181334203609e+00,6.690524232745216793e+00,2.942027166199921773e+00,3.746097503298867704e+00,1.016807998992168649e+01,2.931638979962265079e+00,3.596999885993853230e+00,1.023916496394041964e+01,6.471533947819183119e+00,-6.336841482406075698e+00,3.224294943008682024e-01,3.581003748261031738e+00,6.343863372990608873e+00,4.646414437011067711e-02,-3.313694748134804691e+00,-5.556889800520435907e-01,-3.926485325847164365e-01,1.022173127156142947e+00,6.669258960652190815e+00,4.633709037027909261e+00,-4.946097544516765865e+00,5.118106753562703393e-01,-5.885083259646868292e-01,1.353094795379972126e-02,5.741858961368431657e+00,6.115343744767132605e+00,-2.405430893446251162e+00,-6.966244819945275335e-01,2.547087792816838725e+00,8.642161943487613129e+00,2.617730079787964126e+00,-7.417743263769898121e+00,1.337667236981175289e+00,2.823679840994066659e+00,6.905965911041869632e+00
-2.304940458151484850e-01,4.896206532373184928e+00,1.167355353146466967e+01,9.693448019072146149e-01,-4.137159579546767496e+00,-2.740260029045938239e+00,-2.374826656152214888e+00,7.872373787291540026e+00,1.568426073053125203e+00,9.073409121505973118e-01,-6.049946850417722288e-01,1.350728816965729528e+01,7.545914822132718802e-01,-2.246091521527542045e-03,9.509257378243600733e-01,4.075543555623467817e+00,8.135608143178142626e+00,4.265477505125514490e+00,5.282774402066256592e+00,9.870219449361016473e+00,3.045249806632304601e+00,4.240008883166431097e+00,9.437236623382441181e+00,-3.994627723882858916e+00,-5.689951190786284307e+00,-1.023234657042394913e+00,4.536753750620259318e+00,6.124009207370998631e+00,-2.998040081493879683e+00,-1.297442793476486278e+00,-7.471039476318061534e-02,5.030874092247559215e-01,2.023151172339082926e+00,7.411324331893882622e+00,8.701996493279711142e-01,-4.847867657789517004e+00,2.836435910063799248e+00,1.557357470094690832e+00,1.141380164756740978e+00,6.395848649479745518e+00,4.000957788473734844e+00,-4.207843459172901923e+00,1.154177120043130556e+00,3.510536166895636523e+00,8.435215229859966968e+00,-4.631729360277557994e+00,-4.590287329073119871e+00,-8.864813100198948304e-01,4.239320517345313455e+00,6.621625482137398322e+00
