-2.324150289625518173e+00,-1.042783592378447421e+00,1.705673780531322015e+00,9.802170902535321417e+00,3.288989806559373896e+00,7.123955387012264495e+00,3.809474299429378874e+00,3.167233864581958436e+00,9.534044012399894186e+00,-2.279709885955049309e+00,-4.734202198121137073e+00,6.609414788248511030e-01,6.248406465442982061e+00,7.490883628204477063e+00,-1.050357355240515156e-02,4.067619884450746071e+00,5.422836264360938685e+00,8.708225103286826752e+00,9.420813645928101110e+00,2.809796168534300254e+00,6.339162145260870851e+00,5.066284371341308379e+00,1.521341767664168287e+00,5.690153248212530102e+00,1.205415120982751986e+01,3.135780028381565110e+00,-2.063427404848713564e+00,4.419323040812553671e+00,9.538129575892289935e+00,-1.347141605761961847e+00,-4.064680952074225750e+00,-4.092119461404488234e+00,-1.010184323274907259e+00,-1.694459583005979431e+00,7.518802047234064423e-01,9.064408617691563919e+00,2.991052025479699061e+00,2.404383211415562105e+00,4.735005494964326545e+00,6.095881515402842510e+00,1.931246943081510681e+00,-5.213346716043306905e+00,1.404812411468860711e+00,-4.670972639476926314e-01,7.862235881040732011e+00,2.538492168436812246e+00,-1.980868262759057696e+00,2.264221457741764088e+00,1.143794234117875952e+01,-3.708544497168742016e+00
3.807912662479842947e+00,5.995742788880273899e-01,1.799367827304956036e+00,1.080515670281730678e+01,7.946753921271160870e+00,3.698286103217850229e+00,3.505836813490539328e+00,4.640987377064167418e+00,6.200099158913324970e+00,-5.787021114770539931e+00,4.159830703776450922e-01,-6.366522949497630535e-01,6.159178356105186047e+00,7.819674834458811397e+00,-5.525805855383363330e-01,4.662128783770043583e+00,1.021545341692910469e+01,1.055166163638507193e+01,3.650807186089159107e+00,1.091884854459369114e+00,6.394259900367451621e+00,5.692146548989723165e+00,2.407501424069668605e+00,6.919488271438399174e+00,9.757416586998305164e+00,-4.733411501042088076e+00,-2.090214930496629153e-01,3.321248574558667066e+00,8.685053375369772510e+00,-5.090661278651253951e+00,1.778813968111669919e+00,-2.758855514788820074e+00,-2.883650242627988636e-02,-7.279714764828127960e-01,3.841648104751255177e-01,9.176101667115236893e+00,4.780085873358056681e+00,1.516402484021147412e+00,5.625055466559377493e+00,5.096721057151106571e+00,-2.670211697346223101e+00,-3.472142950700385811e+00,1.496714321896229327e+00,2.470061015407766458e+00,8.219791660524164101e+00,8.948021548801347036e-01,-1.996143503089735205e+00,1.332502464233836337e+00,1.074108464505411753e+01,-3.554432131111997961e+00
5.177796956582429111e+00,3.289186165816628371e+00,3.940967691008739227e+00,1.240488985717804127e+01,5.945470279456104734e+00,-1.338208936472835342e+00,3.796019516148150696e+00,6.086375360069594009e+00,1.795858056813581349e+00,-5.511978606216835885e+00,3.154729913152816145e+00,3.059411403733875545e+00,6.957765863859019184e+00,7.199338102533106465e+00,-5.402266651859375379e-01,4.766057830679214291e+00,1.397369159668397565e+01,3.485898564825238299e+00,-4.224639473406307744e+00,1.173401953325414748e+00,7.529122203179726469e+00,7.164164169263886883e+00,3.534619554383853668e+00,7.478691558183003352e+00,2.744456135004838870e+00,-7.325181496881166154e+00,1.694340131361840029e+00,6.030913987304709067e+00,6.184910884475517179e+00,-3.669211169084696245e+00,6.362527634002577592e+00,5.024843590833485418e-01,1.219204320387706542e+00,2.870722347070945313e-01,1.365713713220951142e+00,9.703177634967719456e+00,5.407488344007107983e+00,4.012562629191680497e-01,5.951029603127245160e+00,3.039698969608842560e+00,-4.548747958518029932e+00,-1.201709370451652381e+00,8.039819841031385916e-01,4.380710304325559967e+00,7.707407999885039551e+00,-1.608975119816183685e+00,-1.835285659852611273e-01,8.407619098047185435e-01,1.065607504555621077e+01,1.613533408965118987e+00
2.874822062103775888e+00,4.586026372463214429e+00,7.553157348880734645e+00,1.056342632973904117e+01,-2.777300947188635849e+00,-1.649901987373466161e+00,3.135700851640887521e+00,7.312568963014061119e+00,-3.066904512509814218e+00,-3.839979622556881189e+00,1.328777858526496880e+00,6.679446264467818750e+00,8.467866750439963397e+00,3.075058360540701141e+00,-9.759237826798725646e-01,4.736629318615483086e+00,1.287537163788173267e+01,-6.500092254692445337e+00,1.098413016481520760e-01,-4.304916133710150472e-01,8.165603329656166309e+00,1.001454052864212585e+01,2.775907547654642205e+00,4.721923465864639624e+00,-2.512567958606204854e+00,-5.571156276452005507e+00,-1.859332229627993716e+00,6.723394708112460094e+00,4.412424797551936173e+00,-2.152352540978263118e+00,7.490830939620292561e+00,4.337063034939487416e+00,4.394908529877948888e-01,1.114658009748553447e+00,2.743159062846463492e+00,1.049818140760567964e+01,3.827225051291423874e+00,-5.116092717329961959e-01,6.336030805393189524e+00,8.253286513752882136e-01,-4.552536254576571295e+00,5.100585352823070462e-01,1.649544386641882188e+00,5.433245574568037028e+00,6.083169723590965638e+00,-3.285782814271503760e+00,1.742024723036721401e+00,2.670474272329335985e+00,1.119746147436758221e+01,5.157973061272716819e+00
8.948334065046901209e-01,5.804263711997949216e+00,9.900025093256441977e+00,1.197843931575208076e+00,-7.315339039653530939e+00,7.512308129070564000e-01,4.064390608496871948e+00,5.988067003321768667e+00,-5.015353270988712531e+00,1.464415831699429071e-01,5.744026536517227166e-02,7.518310238471400453e+00,8.450587255341167392e+00,-2.613129452822277266e+00,3.183245799944703913e-01,4.740691292205497120e+00,9.889235532044526877e+00,-5.440421468297775398e+00,6.834234062547697164e+00,6.554638046116670225e+00,9.145763020829846823e+00,8.719804313541297702e+00,-7.629174606068105380e-01,4.148891893454268676e+00,-3.287008691251291914e+00,-1.785476923476645217e+00,-4.125969638795517369e+00,4.222266360016784681e+00,6.168746647139398576e+00,-1.629194061122994364e-01,7.834063744367723459e+00,5.435027373663921857e+00,-1.310318717504980857e+00,2.099354591359184230e+00,5.228053990299654785e+00,1.043084598364245252e+01,-2.969248873482564499e-01,-2.558361731176104215e-01,6.714597656256935387e+00,-3.028181921065709603e-01,-3.088546316599964925e+00,6.755400418096868531e-01,2.855540637569538021e+00,6.850066575880641828e+00,3.093522088377350432e+00,-3.658397961187488168e+00,2.669116690177555817e+00,7.115938387805487153e+00,1.179128672930730559e+01,2.044709084080098993e+00
2.165653786008165049e+00,7.320252705381073532e+00,6.485471327847696088e+00,-7.621837567203606945e+00,-2.013014041920451191e+00,-2.122761281747417961e+00,3.697879182186293523e+00,4.711472021795567677e+00,-4.689140024646536453e+00,3.046102763613795616e+00,3.335441329475336669e+00,8.251967734536249210e+00,3.844190188798965124e+00,-5.817950424974242196e+00,1.389935576024602604e+00,6.457851795191947630e+00,7.315676593499817137e+00,-2.788507064175581807e+00,6.402425159502097785e+00,1.479417114581768722e+01,5.197470847241465464e+00,-8.604607946875046931e-01,-1.345147591916569851e+00,5.402155723951390875e+00,-1.390131625488653766e+00,1.186772605953308357e+00,-2.711317834679502159e+00,2.280574776137129334e+00,8.284953344755615845e+00,3.964851663932383197e+00,7.227766555664236314e+00,3.037489345397412333e+00,-2.873365386833106161e+00,2.142779821003436780e+00,8.123887769004490167e+00,7.140579579670467858e+00,-4.906951114564224170e+00,1.112603890901082249e+00,7.339657704485038181e+00,-1.213018396320460157e+00,-1.648823242198435013e+00,6.235046336972995817e-01,3.995051295957537274e+00,7.199114916041983392e+00,-1.130665329621298953e+00,-2.739128021220160747e+00,7.827337720726290637e-01,9.814317644375325500e+00,8.947320108172544195e+00,-4.692290325500325210e+00
6.481328397808483466e-01,9.524808265748500702e+00,-1.539246793280266701e+00,-7.766470834923419275e+00,2.027621968728550605e+00,-7.574558775414344525e-02,4.055485806943752713e+00,4.215128312556472245e+00,-3.577554507705654530e+00,3.304548140888037278e+00,7.769581496315312030e+00,6.382072685257766054e+00,-3.633935278721355022e+00,-4.225775005168118881e+00,-1.237318716477713076e+00,7.134154229688362214e+00,5.895899372927558169e+00,-2.817581257585309196e+00,4.348097699512798897e+00,1.592496647752099470e+01,-4.688230794690886327e+00,9.055230332325245879e-01,-8.913265629604658624e-01,5.783593924505512796e+00,1.158213583273441039e+00,2.045606350894867198e+00,-1.209075302851513323e+00,1.758626468327736836e+00,9.857038717756282153e+00,7.456401932333184490e+00,2.854483383422249609e+00,-6.839280909194677127e-01,-1.776613653140193261e+00,1.307711202831120412e+00,9.559892988910718259e+00,5.077841028338524465e-01,-6.389679348497804057e+00,-3.358878784580817123e-01,7.865304725943421005e+00,-9.845433952118867182e-01,5.688746634666158597e-01,1.234418546783036197e+00,5.327379269783243387e+00,5.946485594092327354e+00,-3.904391212838726588e+00,6.302529200065873360e-02,-2.036947297988328798e-01,9.896884624045236833e+00,2.423437693144579352e+00,-7.839570192455767028e+00
-4.833801968651500580e+00,8.903617918938643072e+00,-3.803700434240193662e+00,-3.615385877262840442e+00,2.700974456151494785e-01,2.312621386672536694e+00,4.970060727241603082e+00,2.870195275796827428e+00,-2.947540304119080190e+00,2.067698281589330556e+00,9.762912873667616509e+00,-3.336266166983571368e-01,-5.742742274178366912e+00,-9.127748284747691510e-02,-2.447647646490044515e+00,5.734299283477671594e+00,5.528349202805986629e+00,-3.219041641824185618e+00,2.185570171038768272e+00,1.485773014032395878e+01,-1.485595619164858716e+00,7.325498036741097785e+00,4.337768957509391399e+00,5.578296118343788024e+00,2.395542462156536878e+00,1.350489616564147566e+00,-2.138050625415650330e-01,2.234116625065421857e+00,1.128220828248307761e+01,4.849209142821327312e+00,-3.604374016659835256e+00,7.713926638257460056e-01,-7.009054569199933971e-01,9.208384174079763396e-01,9.506867293144507514e+00,-3.848415643273202402e+00,-2.406131357900728851e+00,-3.457911149219510261e+00,6.969387656921968599e+00,2.126280689170985116e+00,1.049997385208433887e+00,2.368519136228001365e+00,6.015098153632802536e+00,3.035595480750294950e+00,-4.220270697273308613e+00,2.314489845193506756e+00,2.565361488132839263e+00,9.680138482858843929e+00,-4.155883862853151811e+00,-4.459239225949668928e+00
-3.080514264912856515e+00,9.979265635177194227e+00,6.071969876946137212e-01,-8.005284318611665118e-01,3.106164656949083058e-01,3.031726183122847473e+00,5.773954951109531386e+00,5.939534835291626624e-01,-2.330051620916267829e+00,8.449269601685871489e-01,9.624570869201345857e+00,-4.390995506776900648e+00,-1.568487398449845749e+00,4.704024080014731490e-01,-8.992331113187661540e-01,5.476606042930907137e+00,5.202957457269049790e+00,-4.310670379021455112e+00,-2.808877568036418082e-01,1.493858543966371144e+01,7.453028186725512150e+00,4.372156093316572623e+00,5.595826020789933075e+00,3.410355880176750176e+00,1.286697257544456630e+00,1.346921785591469689e+00,7.332114594896296245e-01,2.994816744531053843e+00,1.132207049380136432e+01,-2.014819631233114361e+00,-3.572448321742995869e+00,2.192338896527799008e+00,1.319000743288319732e+00,2.080263154002323311e+00,8.928127883793997910e+00,-3.099860597938034257e+00,3.253864846151015122e+00,-1.679479260212248581e+00,6.161718786363638678e+00,5.540408288524344194e+00,4.110003600855244299e-01,3.449968211450588296e+00,6.676989521744292055e+00,-4.534885555787715461e-01,-3.391590112574045079e+00,1.931267785300314621e+00,6.065681268158122919e+00,5.882648007107453836e+00,-6.375104355671592948e+00,4.148402960492660441e+00
6.834849925675027471e+00,8.760172272238753166e+00,-7.731060588262468336e-01,-3.967653410430113103e-01,1.092448831760693739e+00,4.263629044828006087e+00,5.714859914605653124e+00,-1.333358668579833761e+00,-9.518782111719219508e-01,1.248029173378104317e-01,9.529603421542335084e+00,-2.838623117183558975e+00,2.640537395051145264e+00,1.763259104926266252e+00,5.358159282593946138e-01,5.677525434880299038e+00,3.114878957945375060e+00,-5.806644726121275468e+00,-3.773032628065098315e+00,1.129825952982193016e+01,1.166327736228309497e+01,-2.815883661307605035e+00,6.002639851537687754e+00,4.237159435208051939e+00,1.066657747439867299e+00,1.918349124328623256e+00,2.165146746214585693e+00,4.851466133995598895e+00,8.656202864079956427e+00,-6.138277610151988029e+00,1.249877735035246351e+00,2.119770262706156316e+00,2.936222725837574821e+00,4.096266864616404213e+00,7.991602831985777478e+00,-2.895080314948954014e-01,5.321374293139361278e+00,2.895556364630853974e+00,6.740947462503475762e+00,5.735750124662419402e+00,1.818596453535170632e-01,3.846851921087088400e+00,5.969368595687306822e+00,-3.282306671478586679e+00,-1.152059011392472687e+00,6.534207473469875183e-01,7.054203888542939893e+00,1.558690558199771647e+00,-5.370994995653790127e+00,5.864243356805045160e+00
1.154200549427482869e+01,1.844046434324999151e+00,-4.802349768070467206e+00,1.619010913449530742e+00,2.807415758343775991e+00,5.571959777334720698e+00,4.480291019099754912e+00,-2.593125191507335892e+00,9.782340487474622259e-01,1.504979908662820831e+00,9.434471456532760314e+00,1.141266845386508466e+00,4.032334913036779156e+00,3.270628153567260998e+00,2.019639317240997212e+00,5.894235478937418726e+00,-6.048899474642001062e-01,-5.746717174287049978e+00,-5.579006467748620857e+00,2.162212674255349576e+00,1.255073038735760171e+01,-1.119662617154849160e+00,8.106718094189350410e+00,6.971781191890960905e+00,-8.660790676038994107e-01,2.806384732820947470e+00,4.347818615886094307e+00,6.531404101820681873e+00,3.439751821559580591e+00,-6.498417230206078976e+00,3.505347490327351601e+00,5.856100620388979827e+00,4.111461492193592804e+00,5.833431331841434364e+00,6.353266342620227825e+00,7.797926946749391686e-01,5.668658707441308842e+00,7.240023169963337502e+00,6.355309424622492820e+00,2.682698389731968724e+00,-7.462811047261536102e-02,4.777532657647925340e+00,4.660089168384047298e+00,-4.154441762899653945e+00,1.455529396072869908e+00,1.999829907514943272e+00,7.355177817043138333e+00,-1.289215113589549322e+00,-3.697517019644883884e+00,2.219217641752112335e+00
1.151386694536677169e+01,-1.981063273551459059e+00,-2.531928482641925715e+00,8.754041215021489686e-01,4.634295538605383236e+00,6.356610319536532216e+00,1.083503472002387058e+00,-2.645653538434660668e+00,1.910933939606744625e+00,4.215551002249459778e+00,9.723966827045043004e+00,2.861748866671306235e+00,3.305077223210509008e+00,4.016852393959276846e+00,3.379853425905646969e+00,4.896241540463559083e+00,-2.817295537043082110e+00,-2.284952443578864845e+00,-4.444793846910878088e+00,-5.018849316053072940e+00,1.005689688182161134e+01,1.040640323575598991e+01,5.555477116373975122e+00,3.162474892654771885e+00,-2.202474490771742399e+00,3.234545656320746865e+00,7.260787865860233836e+00,4.792301466633459128e+00,-2.802872616566266739e+00,-4.763632088926056163e+00,4.850139279402708448e-02,8.440978927029656020e+00,7.398435515795189765e+00,5.087325030188472041e+00,4.416573705706775321e+00,1.854798957559492534e+00,6.683968811626141537e+00,9.105434831198344625e+00,2.721345668382666005e+00,-4.774693207621728136e-02,9.264182713324496943e-01,5.228082635041501725e+00,3.109759383114250042e+00,-3.947350692972706909e+00,2.530671148799928272e+00,4.959082620898554339e+00,5.798761902896696796e+00,-4.242649853308365415e+00,-8.040672168742368786e-01,-3.234702026095879202e-01
1.111526158856004720e+01,-2.140341205845420980e+00,7.151064207433235342e-01,1.227178603144089886e+00,5.632030120332588652e+00,5.759606237542395313e+00,-2.497832551274974833e+00,-1.120159687498815781e+00,1.546100159408206665e+00,6.633291642633738938e+00,1.001342684249114257e+01,1.012771930189368064e+00,2.694024159521580586e+00,5.147134430585391662e+00,4.287829553235292579e+00,2.384479902086768632e+00,-3.427009998554932491e+00,1.297365851974874085e+00,-2.892464239127778391e+00,-5.669574330634964632e+00,4.947363682815059116e-01,1.490852120281144977e+01,8.585214923868775827e-01,5.074749091369494813e-01,-1.159753752026545071e+00,2.985334994961746258e+00,8.941255069682277679e+00,-1.046592282887813530e-01,-4.433109607800034269e+00,-1.871291253907181540e+00,-2.475303689304427124e+00,6.500264763835478909e+00,1.139508842915457620e+01,1.531513484085642363e+00,2.737848378319861276e+00,3.807416254907853403e+00,8.347716074075547610e+00,7.298334059428547071e+00,-2.528745112998441513e+00,9.144320940863787106e-01,2.027922677311593258e+00,5.951439220995594859e+00,1.109586361898451168e+00,-3.159539637328558026e+00,1.849333282355316355e+00,7.199256367170411508e+00,2.127266778448318796e+00,-4.780691118600827849e+00,1.748151955168735894e+00,1.980780541984074050e+00
9.662014478932631434e+00,-2.505625216822426449e+00,3.438449568208592044e+00,3.970584730252936012e+00,6.410131772040269738e+00,2.790447620043531973e+00,-3.780871802121232417e+00,6.882425132636375009e-01,2.569816007344311259e+00,8.819041007318505265e+00,8.111232479852514388e+00,-2.367825808247227659e+00,3.642441595868914028e+00,6.837531934799378597e+00,3.498310244171245920e+00,-3.840310579258165435e-01,-2.194860000658043209e+00,2.907464076761675731e+00,-2.122002146767493880e+00,-2.975589054613051232e+00,-5.516075584705501633e+00,1.221972156045705304e+01,5.030196804931203580e+00,-2.041141724315183925e+00,8.450377261929056805e-03,3.213070685582378960e+00,8.308068975900750885e+00,-3.941034335796796739e+00,-6.982228393343093975e-01,-5.896131730168819862e-01,-2.408131186666664370e+00,3.506290317390105216e+00,1.293035801818009567e+01,6.627575017213033215e-02,3.027181485712277187e+00,6.634866084462313296e+00,8.731659832298676704e+00,-8.651177836277104682e-02,-3.949897897016544146e+00,1.874149451124516474e+00,4.248223951338181870e+00,5.841052400933863353e+00,-1.110290081679550234e+00,-1.908021672254109014e+00,1.010375825976705721e+00,7.739146412928056051e+00,-1.139592249372976651e+00,-3.563590634158007919e+00,1.092048800478144344e+00,5.098655215650607531e+00
7.891907716595293998e+00,-2.671756450952824213e+00,4.736781794113843702e+00,7.968367533607788822e+00,4.400124963461051308e+00,-1.766857065968035378e+00,-3.036563361285338658e+00,7.063456017209908122e-01,4.214656604225755387e+00,1.006943321919502132e+01,2.113356039685231114e+00,-4.111469069995975723e+00,3.149892787920807624e+00,9.180608302345605765e+00,5.748342394520818965e-01,-1.405399686309839025e+00,-1.197880321630137246e+00,3.650307560233795545e+00,-7.627897610090679237e-01,-4.852513376267920120e-01,-5.783869805585458046e+00,7.220072634669378431e+00,7.091907499835558681e+00,-6.149516476334611959e+00,1.977311006491103695e+00,5.150743874360054875e+00,6.344190972962097774e+00,-4.417868692968021982e+00,3.368923145150261700e+00,8.781946196006820138e-01,-1.315935784741111503e+00,1.901337794631283051e+00,1.305944469009025788e+01,1.896398436279474797e+00,3.466722300005987467e+00,8.901184391126188089e+00,3.471215463877690421e+00,-5.711682620315222891e+00,-1.107797053271875276e+00,7.365195493897920276e-01,6.068511262647335869e+00,4.371274987225878483e+00,-3.262281757587170539e+00,-1.127093961834432778e-02,9.419575775266787465e-01,7.871984710874841973e+00,-2.287588638191614621e+00,-7.185315221393924201e-01,3.912243362593150753e-01,6.590887135948113595e+00
5.629237197059157261e+00,-2.442530332360521417e+00,4.682430781386940133e+00,9.979051456296780032e+00,-1.477823793590126833e+00,-2.175820574563182230e+00,-1.425366576995025225e+00,1.204876052850232387e-01,5.357030791095375832e+00,9.445570828577409372e+00,-4.581896335856338709e+00,-1.244806141537871502e+00,8.080140293271925733e-01,9.677679733784801286e+00,-9.743299092770028036e-01,2.717982771396593722e-01,-6.470793634792316729e-01,4.227341163477060348e+00,7.909973092920404847e-01,4.934485702532217521e-01,-4.439949456369935987e+00,4.480298638397043121e+00,6.427374541745263237e+00,-6.609115752547404021e+00,2.820672064123294298e+00,8.317165040121635045e+00,2.211830308134697276e+00,-3.971482637484438083e+00,4.968177581373139695e+00,3.158211296577361438e+00,-6.973588319940082769e-01,1.648553549837056043e+00,1.362151679236773916e+01,4.674271372555663717e+00,2.494563848599146816e+00,7.973450732009363939e+00,-2.979507386586335294e+00,-3.982956648871714300e+00,-4.743046612090346392e-01,1.123653584319288301e+00,6.425431786149733426e+00,2.356413567333029757e+00,-3.612533144466815838e+00,1.713709700288275739e+00,2.907548415529114028e+00,7.657914758772042418e+00,-2.343831972311717138e+00,1.585145931973810374e+00,1.816248478755197571e+00,7.194419437429469433e+00
1.745348075662605192e+00,-2.695314760626183581e+00,3.761381114514183555e+00,9.772257548428900265e+00,-4.619136818940223321e+00,2.486829374766259537e+00,-2.887145410325332451e-01,6.007986030670166011e-01,5.918626769779631758e+00,6.012256207226525540e+00,-6.543641467375866938e+00,3.274352291924720326e+00,3.505522451225845160e+00,9.517267915280307022e+00,-2.051741005895148240e-01,1.563753852414436318e+00,1.005883660800918733e+00,4.748197413624378527e+00,1.732200839214380172e+00,4.360797347317217909e-01,-2.553522464795521696e+00,3.123407912160065969e+00,5.811777835653069602e+00,-5.881614468031391318e+00,1.674298150055426371e+00,9.882934293473640608e+00,-2.162794822334798361e+00,-2.655536996286036011e+00,4.208236124881127971e+00,4.918735514705327994e+00,-8.383104157433713954e-01,1.795222941868961142e+00,1.423245403872595638e+01,4.765048613159768465e+00,3.068065283519617603e-01,6.935731843743185188e+00,-4.196733301989612031e+00,2.718274645197971129e-01,-4.003941498816613875e-01,1.429059745121921798e+00,7.221240243277732063e+00,1.251845249096034951e-01,-2.757613132750184270e+00,1.555502914913960089e+00,5.144688759143869916e+00,6.156359677126751251e+00,-2.331152926332639375e+00,3.039199433187237176e+00,4.890357727042736968e+00,7.815838463311659545e+00
-3.071958137986281923e+00,-1.282193827364308092e+00,2.190928193284133130e+00,9.163194332203731918e+00,-1.825227983956491995e+00,5.810336811298816073e+00,2.811044854248658798e+00,1.629430081346867398e+00,6.479260045646563881e+00,1.934828902948921625e+00,-5.966831052012936176e+00,2.400257375411786853e+00,8.603441409552566199e+00,6.827896060083222807e+00,-2.288553636974835825e+00,3.040084841044792707e+00,3.103266771962165826e+00,5.111106059346600894e+00,1.633633691751365857e+00,4.490417376183658549e-01,-1.600039628693747051e+00,2.845206184934612192e+00,5.379840800579472671e+00,-5.307954088482768285e+00,2.172581175905918816e-01,1.021606428825971413e+01,-2.778573411384843705e+00,4.585949733539184114e-01,3.960859142171986758e+00,5.605386007932825265e+00,-9.118036260497986989e-01,1.835684961781791191e+00,1.443581084757093258e+01,1.763069716736174630e+00,-1.070018925343169336e+00,7.608238389769597987e+00,-1.240993709330858508e+00,3.000105732632900146e+00,1.393246781039636728e+00,2.326489857172727049e+00,6.911783454061446008e+00,-1.644095430153242221e+00,-1.233061970975412480e+00,7.954670945060147158e-01,6.729002468959281558e+00,4.489577541672918670e+00,-2.442372188442160752e+00,3.597122516669373660e+00,8.610898820585187963e+00,5.006698696945564464e+00
-3.747055189986458590e+00,-3.750783395713203627e-01,2.500857544331836380e+00,9.518411042122579602e+00,2.928250101441937314e+00,6.029739475303752982e+00,4.390846299279307807e+00,2.513582297105900309e+00,6.106023177430645710e+00,-2.009751031659107401e+00,-4.253968056055017932e+00,-1.495639071229035721e+00,9.428324142069204328e+00,3.919766956481395503e+00,-4.159892718079944984e+00,3.614168565445177173e+00,6.726155149999025085e+00,4.479253724222451716e+00,2.657212112572022167e-01,4.703528427586766147e-01,-3.441396048564387966e-01,3.030296353691112277e+00,4.578643379374502054e+00,-5.635774304634574072e+00,-1.691955653178326857e+00,1.004472734973239945e+01,3.881916676331935157e-01,2.041334839528761158e+00,5.300596108033960085e+00,4.828200496219208659e+00,-1.288749637259976710e+00,1.887295565256048802e+00,1.420260804468623839e+01,-1.028310231397910890e+00,-2.133945214211747377e-01,7.970966521184345233e+00,3.031317273973950677e+00,3.095883760194191314e+00,2.934063003455614549e+00,3.695819088674872077e+00,6.049352458976414049e+00,-2.406302379209882325e+00,9.367333979172525193e-01,1.861428390365711394e+00,7.425044491210954334e+00,2.693878452070640250e+00,-2.499485303344459286e+00,2.779544465825193544e+00,9.979610284474988546e+00,-1.130067908938512833e+00
4.092463385887958882e-01,1.435006598275584411e-03,2.822570377161738975e+00,1.093714365574585656e+01,6.096885514231455971e+00,3.941962816746260589e+00,4.158306010642075279e+00,3.228755363049147675e+00,4.473977417263200529e+00,-3.485585844386668075e+00,-7.198593698602901991e-01,-3.129464639070981935e+00,7.928849579074610077e+00,3.185552970701976072e+00,-4.371682818120997460e+00,2.282662700559076718e+00,9.173443146187354458e+00,2.331465954732703239e+00,-1.159930723084620086e+00,1.380977098663313418e+00,1.198919910122794086e+00,3.830971499224049115e+00,3.060960194366172615e+00,-6.157375005715417515e+00,-3.450209825186452584e+00,7.745720962964975698e+00,5.307472356428715621e+00,1.942483189898975393e+00,6.137299619037340115e+00,3.285543054279006281e+00,-1.958614195165707672e+00,9.968062299126312364e-01,1.393502883006568815e+01,-7.470263299164565662e-01,1.640796491225232634e+00,8.570399495120216926e+00,5.099811817250895274e+00,2.013387745464414458e+00,3.538210611047462262e+00,5.232831421433013830e+00,3.881029075343687129e+00,-2.760584858311578405e+00,2.415432098536503869e+00,4.276121915879645741e+00,7.583510843060904172e+00,-3.506172056856353692e-01,-1.720136464579258506e+00,1.625922875459972827e+00,9.846197624832164763e+00,-3.958763736627044505e+00
3.876731069083034331e+00,2.436394214415717574e+00,4.417462754739600150e+00,1.246496029284420182e+01,4.395682872808306385e+00,-5.535386224742110811e-02,4.239469370108222890e+00,4.612818676620818792e+00,2.196882552981084480e+00,-3.077930438905517541e+00,2.322713742577081852e+00,-8.631018633861067268e-01,7.521053517955534673e+00,2.139035507729039498e+00,-4.898628489640469041e+00,-2.106258650230652951e-01,1.005840646117360571e+01,9.713810397120575812e-01,-1.071329893330848382e+00,2.318687537895568695e+00,2.868307569330063700e+00,4.307596924569075725e+00,4.152676134488560433e-01,-6.192877297799350700e+00,-4.287123487381542475e+00,2.700971501070319469e+00,8.862749098490041888e+00,3.446081779147844859e+00,5.180701069834132255e+00,1.574975441829539635e+00,-2.036805349402507126e+00,-4.010494071102185254e-01,1.360740216231357991e+01,2.411046437164005685e+00,1.999371958157550866e+00,9.350024936321650770e+00,4.599685056825201457e+00,3.767517683069938617e-01,4.336680228266648562e+00,6.102927954704881586e+00,6.614699079586915387e-01,-2.174725473308939172e+00,2.307960047791208780e+00,6.990927074678550568e+00,5.306011296156170509e+00,-3.385445837755011400e+00,2.936789445269146759e-01,1.561036919899106978e+00,9.639074722039310927e+00,-1.515516659602235583e+00
4.555442200535358310e+00,5.474823799780497602e+00,7.569065594528300522e+00,1.041001792818912364e+01,-1.921203769639703740e+00,-8.061693984371311184e-02,4.709104862947905090e+00,5.554738058906596443e+00,-3.912981269690929409e-01,-2.089950873222647942e+00,2.901632337168168263e+00,2.731224347503973693e+00,7.546574991693523415e+00,-1.035665829600832755e+00,-3.679156521839657579e+00,-3.043407765033017132e+00,8.910769974502574797e+00,2.375178302699572530e+00,-1.013398454320080022e+00,2.817218989473092794e+00,4.769907320370034398e+00,3.552160643437718424e+00,-1.942511583146985021e+00,-3.811044504465185501e+00,-3.386045260753065111e+00,-1.905101881189589896e+00,9.067986624284957387e+00,6.873389404256129431e+00,1.354907424616532463e+00,3.763596784199366163e-02,-1.381785806270239503e+00,-1.347155365576948594e+00,1.259707908622979744e+01,6.273319408233725802e+00,1.276974565611006085e+00,9.280005399099580998e+00,3.424121138471021286e+00,-6.507486277137956021e-01,4.940051377186617465e+00,6.387149994474015990e+00,-2.016634754172852873e+00,-8.191883734685589946e-01,1.778468234448820517e+00,7.999797777614444882e+00,1.462585221023285698e+00,-4.091078250250430592e+00,1.431625971752200188e+00,3.610397763656035597e+00,9.436508587188217945e+00,1.281654960391671816e+00
4.806098553857236055e+00,9.049416101516881028e+00,8.233976251287458581e+00,8.237332795535197150e-01,-5.357036396521730914e+00,9.440381382396902943e-01,5.934408898045294478e+00,4.680777279283051762e+00,-2.835774012992707149e+00,-6.023071153829159252e-01,2.999468391285559754e+00,5.688688993894595036e+00,5.327352735031261943e+00,-4.058528977573125474e+00,3.555314205515556214e-01,-3.897587707048479011e+00,7.039140664867908015e+00,4.951634645187850126e+00,-1.857695837074628376e+00,3.150275691779182097e+00,6.459544336709564405e+00,9.034152733962121928e-01,-2.741112011632411249e+00,-1.366465702079532551e+00,-2.045549476745787576e+00,-3.573454458847344473e+00,6.356661482407218955e+00,8.620955062505256450e+00,-3.050825603477400172e+00,1.949154521128256379e+00,-3.663891792126459934e-02,-9.141901726161552055e-01,1.164550068270371774e+01,8.905281119660495293e+00,-1.625443640204786711e-01,9.233466275860575223e+00,2.771579775665482082e+00,-8.646816364271678879e-01,4.907599170105689801e+00,5.679841631336556063e+00,-3.434950506333999787e+00,1.124806083743198570e+00,3.060270003318337650e+00,8.268944086611975663e+00,-2.399497529087215142e+00,-2.425389548301398968e+00,4.830532647478315567e-01,5.605714352722489302e+00,9.720358370490208344e+00,2.033061545276952931e+00
5.215364389179969251e+00,1.038349589135563988e+01,6.039993085768199377e-01,-5.076060785600629899e+00,-2.535536839567298362e+00,-1.677960767706761835e+00,5.987524543828443235e+00,3.529137328883272140e+00,-3.950626289050538364e+00,5.937483848037410361e-01,3.949383997545750535e+00,7.241901533922742829e+00,9.354873735595747863e-01,-4.295801646359046266e+00,3.394641833457986646e+00,-4.882198908405241955e-01,6.293884419680231268e+00,5.730820039456392401e+00,-2.199820549751189347e+00,3.887695089610985644e+00,7.242218149151575801e+00,-2.012309729731475372e+00,-1.403630260795837081e+00,-4.913277761316112158e-02,-9.282242764295504101e-01,-3.015956874978328983e+00,3.278034930841091654e+00,8.862163409396366376e+00,-2.520285931119595979e+00,5.289556536158389832e+00,2.106249779869373562e+00,8.544246801028424487e-01,1.121656511171579318e+01,8.861204142127657946e+00,-6.395260341469715115e-01,9.577994612418354592e+00,2.944611145845628997e+00,-9.679559541902933439e-01,5.379881279531303129e+00,4.627088416811543148e+00,-3.758124393126186291e+00,2.309443276865532635e+00,5.675480328758622406e+00,5.751401229798377202e+00,-4.438417035264310861e+00,1.044819945026346453e+00,1.010034309564847410e+00,6.358986620127121903e+00,1.077489878637276632e+01,1.664798512129545660e+00
5.556715230791759552e+00,7.899033017117781164e+00,-6.465918537292116852e+00,-3.283664956656982131e-02,-1.494754613979442759e+00,-2.117689687455377001e+00,5.461721071136139471e+00,3.060190809443997129e+00,-3.960099644690373566e+00,9.279902075991485200e-01,5.295908669371184097e+00,6.415925357583481592e+00,-3.304957187996843349e+00,-2.386889287055017572e+00,3.087852493771504836e+00,4.162695224116981230e+00,6.935599394501308801e+00,3.649448537262635739e+00,-2.321074921624852738e+00,3.818720897364260125e+00,7.415032007013432569e+00,-3.091806666320659147e+00,1.631596532046680537e+00,9.401220693852218036e-01,-6.121765477004038197e-02,-1.838502466005944136e+00,1.739180413064000952e+00,9.457071448116073142e+00,1.497099503461890357e+00,6.002835581033592049e+00,4.334238255009799978e+00,3.332866953897468676e+00,1.179182620706591500e+01,5.892790769246881055e+00,-8.838016167174913562e-01,9.771605292983450042e+00,3.347074547801155653e+00,-1.078989909013969850e+00,5.728652577294647941e+00,3.811662788078961750e+00,-3.704707261251659389e+00,2.169251646617302853e+00,7.932369047502267456e+00,1.671943440046638862e+00,-4.869752288483930158e+00,2.476543157508154014e+00,4.312473391803417933e+00,8.481260995178161011e+00,9.711566162611621422e+00,7.540720112477430348e-01
5.865031672896440895e+00,4.742281854002442287e+00,-6.691491890640041795e+00,5.313667165300685724e+00,1.074136340917353660e+00,-1.119384200595667789e+00,5.338484558545210312e+00,2.394106052682397845e+00,-3.973299006172303027e+00,5.683051302091108870e-01,6.545860941399818778e+00,3.396095070597245247e+00,-5.385526971982192990e+00,-3.069212153089074802e-01,2.504762104985678306e+00,6.846263849346941655e+00,6.263320865934896453e+00,-7.247571957681306909e-01,-1.520671946279614994e+00,3.177830826665566821e+00,7.302213372883844755e+00,-2.487153383859866285e+00,3.947669400955969188e+00,2.756471498450213442e+00,1.437893018261789946e-01,-6.722884006852357652e-01,1.559076449230624606e+00,1.006181668548972574e+01,5.929883278949458436e+00,4.821041307448298951e+00,5.505063732172538415e+00,7.031950165270931308e+00,1.027247532289450760e+01,-3.463408080080165319e-01,-3.432972695762607773e-01,9.891654287784973576e+00,3.356374883439353862e+00,-1.520019864770105977e+00,6.173354476323791751e+00,3.084060725966172090e+00,-3.830191528954383529e+00,1.378397024582968866e+00,8.589506802802924668e+00,-2.231813535856687736e+00,-3.098775956197905579e+00,7.073892843836540045e-01,6.957899105086892355e+00,1.167736082461791547e+01,3.321496588386751547e+00,-1.372354006643214719e+00
5.993597055397417606e+00,2.360371042139502773e+00,-5.080335231069405211e+00,5.957780221910816465e+00,4.798928553500691585e+00,-4.136282053007581117e-02,5.781954016936127871e+00,1.765370206782297391e+00,-3.432722371397380456e+00,3.872935443824193635e-02,7.087456836699741025e+00,2.257745265362699760e-01,-5.150815150684331378e+00,-3.128267953962093895e-03,3.284172576133668198e+00,8.333903578758832253e+00,3.012576784533726126e+00,-3.684842149590484617e+00,-1.705937062802842796e-01,3.202316243466259316e+00,7.508158205993425760e+00,-1.645089057220236461e-01,4.927772477219543035e+00,3.803879601327942339e+00,-1.983719359268348581e-01,3.621686893214822178e-01,2.198561548627448126e+00,1.140584631270741767e+01,7.845472287343337570e+00,2.178623821733260968e+00,6.358085952214430847e+00,9.033692662383190353e+00,2.852238688468004657e+00,-4.886335257496182471e+00,-4.508392952497982109e-01,9.791232219433048556e+00,2.803104740813653795e+00,-1.533964264836366054e+00,6.497738775748969964e+00,2.415837095665354983e+00,-3.912309455613450115e+00,-4.450838199873337342e-02,8.930544288185824797e+00,-2.578077266715201432e+00,4.057974078757267677e-01,4.347913306632393837e-01,8.030213606811944516e+00,1.018910754041479372e+01,-5.230097858618109719e+00,4.256464584177434562e-01
7.473962451748125346e+00,-6.221885634378789831e-01,-3.649070929301387434e+00,4.251868190086172561e+00,7.652235727471296656e+00,1.145687510990019975e+00,5.889649299408960204e+00,2.852472290102566199e-01,-2.810848552105333020e+00,-1.072972822192789888e+00,7.253230430945392548e+00,-1.276042252057482784e+00,-3.393090391785076765e+00,-8.222055134204966365e-01,3.655986814931421858e+00,8.486405564042028615e+00,-2.376919345014135931e+00,-2.236653666172725430e+00,-6.369474419343532090e-02,3.639695192010696356e+00,7.921241602746978749e+00,2.062118238115499658e+00,5.157630063943715371e+00,3.655965435957781562e+00,-9.579263192059697118e-01,1.304471109547254981e+00,4.024788896382013093e+00,1.276968083675559207e+01,5.232604394999883723e+00,-9.529504905813427351e-01,6.869143649138767849e+00,7.854635992864889893e+00,-5.551419889914658512e+00,-1.541278129228143445e+00,-3.437720365100999764e+00,8.537144128882305338e+00,4.017520122399740323e+00,-1.136265481831571611e+00,7.024487612734450437e+00,1.501551772842701249e+00,-3.929675836052543225e+00,-1.744750539201836981e+00,8.556230231659990082e+00,6.518037799163753920e-01,2.252146227113627219e+00,2.790965682143963456e+00,8.697212314134901590e+00,2.898124715353086245e+00,-8.414059390734735189e+00,1.143556397063206997e+00
7.142663388033652083e+00,-5.972256077356103976e-01,-1.862084250197973301e+00,2.302495819913237707e+00,9.475589193548916711e+00,3.813268843328096125e+00,3.925837134670706163e+00,-1.154908689609560168e+00,-1.267176500851437515e+00,-1.488413950132527974e+00,7.087526164389625016e+00,-6.752141157720238374e-01,-1.243290532170981955e+00,-7.197713487343024852e-01,3.508268961716430656e+00,7.854000888996636398e+00,-4.171450388257998299e+00,1.705117810632700293e+00,6.570678143383017478e-01,4.119806728092871850e+00,9.404347879028774670e+00,3.339994921067818368e+00,3.967283105047702207e+00,2.583576441649503064e+00,-1.001601266035746729e+00,1.938765865506155039e+00,6.726989375517974601e+00,1.226452290652205335e+01,-2.592997487738838203e+00,-6.686110351417418052e-01,6.378541050310365002e+00,4.629257274157831503e+00,-6.904454610786718405e+00,4.829128061888702916e+00,1.048517178130624838e+00,7.868085136598629070e+00,5.713162108477122025e+00,-2.424932279210002539e-01,7.648100828538568763e+00,2.642727968057600463e-01,-3.387163524798987968e+00,-2.807933432270044438e+00,6.965966740842867821e+00,5.035603210548727837e+00,1.887053307644066757e+00,4.469939913512923191e+00,7.318508858739885881e+00,-5.151563836271599861e+00,-4.928198316955645808e+00,-4.246485418417078606e+00
6.460054073905784122e+00,2.534582740283783497e+00,-1.276014500460126433e+00,1.713050553340485394e+00,1.064229891391323513e+01,4.409541846038985469e+00,-4.280291862975375006e-01,-1.014517277138898388e+00,1.754709889650782340e-01,-7.924665705751768874e-01,7.695423325335850606e+00,8.178189503326904752e-01,-1.846620665283017493e-01,2.712082039818023982e-01,4.053433520587474526e+00,6.614962906163807332e+00,-3.196943297650423510e+00,4.292044484444795138e+00,4.386812982650003079e+00,6.102659778303846316e+00,9.784685834528335846e+00,2.128095093873056065e+00,2.344474608261699178e+00,2.179706851814062318e+00,-9.536134245095009843e-02,2.387612754797154846e+00,9.083311985824281010e+00,5.649949326677845995e+00,-8.118781232859726416e+00,1.308611427195183641e+00,7.428319225748815313e+00,6.308823987997285165e-01,-5.715607159173186069e+00,4.099428843158777092e+00,8.363855819360363597e+00,7.543140150626652662e+00,2.467300692409667651e+00,7.311037316005917219e-01,7.681311851769654808e+00,-8.153470301696369438e-01,-1.658986063245816434e+00,-3.462465842465079380e+00,4.418903364163433878e+00,8.281326844138273913e+00,2.147283868631454151e+00,4.768555617872812569e+00,3.334379302973200510e+00,-7.059930600728256955e+00,2.825793245315010527e+00,-3.685220311442487962e+00
